Workbook

Sheet REGLAS
A1: CATEGORIA CUENTAS MEDICAS | B1: GRUPO INDICADOR | C1: REPS A VALIDAR | D1: NORMA
A2: ALOJAMIENTO | B2: NA | C2: {=_xlfn.TEXTJOIN(",",TRUE,_xlfn._xlws.FILTER(CONSOLIDADO!U:U,CONSOLIDADO!V:V=REGLAS!B2,"NA"))} -> NA | D2: INDICADOR TIPO E NO APLICA A IPS | I2: MATERIAL DE OSTEOSINTESIS | L2: FINALIZADO
A3: AMBULANCIA AEREA | B3: NA | C3: {=_xlfn.TEXTJOIN(",",TRUE,_xlfn._xlws.FILTER(CONSOLIDADO!U:U,CONSOLIDADO!V:V=REGLAS!B3,"NA"))} -> NA | D3: INDICADOR TIPO E NO APLICA A IPS | I3: IPS CON RHB | L3: FINALIZADO
A4: AMBULANCIAS | B4: NA | C4: {=_xlfn.TEXTJOIN(",",TRUE,_xlfn._xlws.FILTER(CONSOLIDADO!U:U,CONSOLIDADO!V:V=REGLAS!B4,"NA"))} -> NA | D4: INDICADOR TIPO E NO APLICA A IPS | I4: TODOS LOS PROVEEDORES | L4: FINALIZADO
A5: ASEGURABILIDAD | B5: NA | C5: {=_xlfn.TEXTJOIN(",",TRUE,_xlfn._xlws.FILTER(CONSOLIDADO!U:U,CONSOLIDADO!V:V=REGLAS!B5,"NA"))} -> NA | D5: INDICADOR TIPO E NO APLICA A IPS | I5: IPS | L5: FINALIZADO
A6: AUDITORIA | B6: NA | C6: {=_xlfn.TEXTJOIN(",",TRUE,_xlfn._xlws.FILTER(CONSOLIDADO!U:U,CONSOLIDADO!V:V=REGLAS!B6,"NA"))} -> NA | D6: INDICADOR TIPO E NO APLICA A IPS | I6: IPS-RHI-RIESGO BIOLOGICO | L6: FINALIZADO
A7: AUDITORIA E INTERVENTORIA | B7: NA | C7: {=_xlfn.TEXTJOIN(",",TRUE,_xlfn._xlws.FILTER(CONSOLIDADO!U:U,CONSOLIDADO!V:V=REGLAS!B7,"NA"))} -> NA | D7: INDICADOR TIPO E NO APLICA A IPS | I7: RIESGO BIOLOGICO | L7: FINALIZADO
A8: COBERTURA INTERNACIONAL | B8: NA | C8: {=_xlfn.TEXTJOIN(",",TRUE,_xlfn._xlws.FILTER(CONSOLIDADO!U:U,CONSOLIDADO!V:V=REGLAS!B8,"NA"))} -> NA | D8: INDICADOR TIPO E NO APLICA A IPS | I8: ALIADO RHI | L8: FINALIZADO
A9: EPS | B9: IPS | C9: {=_xlfn.TEXTJOIN(",",TRUE,_xlfn._xlws.FILTER(CONSOLIDADO!U:U,CONSOLIDADO!V:V=REGLAS!B9,"NA"))} -> 328,334,329,302,316,330,333,344,355,372,308,327,332,339,301,340,363,387,310,321,323,331,336,348,345,377,311,326,338,343,347,411,335,303,317,366,367,383,362,354,410,218,309,412,413,414,415,416,417,422,369,393,395,406,235,324,407,304,745,745,1102,129,133,1102,129,129,129,131,1102,EAI01,744,1102,129,131,107,110,129,133,134,135,107,110,129,131,132,1102,201,202,203,205,207,208,209,210,211,213,214,215,218,231,233,234,235,245 | D9: INDICADOR TIPO E NO APLICA A IPS | I9: MEDICAMENTOS | L9: PENDIENTE AGOSTO
A10: ESPECIALISTA | B10: VALIDAR YEIMY | C10: {=_xlfn.TEXTJOIN(",",TRUE,_xlfn._xlws.FILTER(CONSOLIDADO!U:U,CONSOLIDADO!V:V=REGLAS!B10,"NA"))} -> NA | D10: INDICADOR TIPO E NO APLICA A IPS
A11: HERRAMIENTA DE GESTIÓN | B11: NA | C11: {=_xlfn.TEXTJOIN(",",TRUE,_xlfn._xlws.FILTER(CONSOLIDADO!U:U,CONSOLIDADO!V:V=REGLAS!B11,"NA"))} -> NA | D11: INDICADOR TIPO E NO APLICA A IPS
A12: HOSPEDAJE-TIQUETES | B12: NA | C12: {=_xlfn.TEXTJOIN(",",TRUE,_xlfn._xlws.FILTER(CONSOLIDADO!U:U,CONSOLIDADO!V:V=REGLAS!B12,"NA"))} -> NA | D12: INDICADOR TIPO E NO APLICA A IPS
A13: INTERVENTORIA | B13: NA | C13: {=_xlfn.TEXTJOIN(",",TRUE,_xlfn._xlws.FILTER(CONSOLIDADO!U:U,CONSOLIDADO!V:V=REGLAS!B13,"NA"))} -> NA | D13: INDICADOR TIPO E NO APLICA A IPS
A14: INVESTIGADOR | B14: VALIDAR YEIMY | C14: {=_xlfn.TEXTJOIN(",",TRUE,_xlfn._xlws.FILTER(CONSOLIDADO!U:U,CONSOLIDADO!V:V=REGLAS!B14,"NA"))} -> NA | D14: INDICADOR TIPO E NO APLICA A IPS | I14: REPS PARA MARCA PRESTADOR DE REHABILITACION
A15: IPS ATENCIÓN DOMICILIARIA | B15: IPS | C15: {=_xlfn.TEXTJOIN(",",TRUE,_xlfn._xlws.FILTER(CONSOLIDADO!U:U,CONSOLIDADO!V:V=REGLAS!B15,"NA"))} -> 328,334,329,302,316,330,333,344,355,372,308,327,332,339,301,340,363,387,310,321,323,331,336,348,345,377,311,326,338,343,347,411,335,303,317,366,367,383,362,354,410,218,309,412,413,414,415,416,417,422,369,393,395,406,235,324,407,304,745,745,1102,129,133,1102,129,129,129,131,1102,EAI01,744,1102,129,131,107,110,129,133,134,135,107,110,129,131,132,1102,201,202,203,205,207,208,209,210,211,213,214,215,218,231,233,234,235,245 | D15: INDICADOR TIPO E NO APLICA A IPS | I15: MEDICINA FISICA Y REHABILITACION - 327
A16: IPS ATENCIÓN DOMICILIARIA-LABORATORIO-IMAGENOLOGIA | B16: IPS | C16: {=_xlfn.TEXTJOIN(",",TRUE,_xlfn._xlws.FILTER(CONSOLIDADO!U:U,CONSOLIDADO!V:V=REGLAS!B16,"NA"))} -> 328,334,329,302,316,330,333,344,355,372,308,327,332,339,301,340,363,387,310,321,323,331,336,348,345,377,311,326,338,343,347,411,335,303,317,366,367,383,362,354,410,218,309,412,413,414,415,416,417,422,369,393,395,406,235,324,407,304,745,745,1102,129,133,1102,129,129,129,131,1102,EAI01,744,1102,129,131,107,110,129,133,134,135,107,110,129,131,132,1102,201,202,203,205,207,208,209,210,211,213,214,215,218,231,233,234,235,245 | D16: INDICADOR TIPO E NO APLICA A IPS | I16: MEDICINA DEL TRABAJO Y LABORAL - 407
A17: IPS SALUD MENTAL | B17: IPS | C17: {=_xlfn.TEXTJOIN(",",TRUE,_xlfn._xlws.FILTER(CONSOLIDADO!U:U,CONSOLIDADO!V:V=REGLAS!B17,"NA"))} -> 328,334,329,302,316,330,333,344,355,372,308,327,332,339,301,340,363,387,310,321,323,331,336,348,345,377,311,326,338,343,347,411,335,303,317,366,367,383,362,354,410,218,309,412,413,414,415,416,417,422,369,393,395,406,235,324,407,304,745,745,1102,129,133,1102,129,129,129,131,1102,EAI01,744,1102,129,131,107,110,129,133,134,135,107,110,129,131,132,1102,201,202,203,205,207,208,209,210,211,213,214,215,218,231,233,234,235,245 | D17: INDICADOR TIPO E NO APLICA A IPS | I17: FISIOTERAPIA - 739
A18: IPS-ALTA COMPLEJIDAD | B18: IPS | C18: {=_xlfn.TEXTJOIN(",",TRUE,_xlfn._xlws.FILTER(CONSOLIDADO!U:U,CONSOLIDADO!V:V=REGLAS!B18,"NA"))} -> 328,334,329,302,316,330,333,344,355,372,308,327,332,339,301,340,363,387,310,321,323,331,336,348,345,377,311,326,338,343,347,411,335,303,317,366,367,383,362,354,410,218,309,412,413,414,415,416,417,422,369,393,395,406,235,324,407,304,745,745,1102,129,133,1102,129,129,129,131,1102,EAI01,744,1102,129,131,107,110,129,133,134,135,107,110,129,131,132,1102,201,202,203,205,207,208,209,210,211,213,214,215,218,231,233,234,235,245 | D18: INDICADOR TIPO E NO APLICA A IPS | I18: TERAPIA OCUPACIONAL - 728
A19: IPS-BAJA COMPLEJIDAD | B19: IPS | C19: {=_xlfn.TEXTJOIN(",",TRUE,_xlfn._xlws.FILTER(CONSOLIDADO!U:U,CONSOLIDADO!V:V=REGLAS!B19,"NA"))} -> 328,334,329,302,316,330,333,344,355,372,308,327,332,339,301,340,363,387,310,321,323,331,336,348,345,377,311,326,338,343,347,411,335,303,317,366,367,383,362,354,410,218,309,412,413,414,415,416,417,422,369,393,395,406,235,324,407,304,745,745,1102,129,133,1102,129,129,129,131,1102,EAI01,744,1102,129,131,107,110,129,133,134,135,107,110,129,131,132,1102,201,202,203,205,207,208,209,210,211,213,214,215,218,231,233,234,235,245 | D19: INDICADOR TIPO E NO APLICA A IPS | I19: PSICOLOGIA - 344
A20: IPS-MEDIANA Y BAJA COMPLEJIDAD | B20: IPS | C20: {=_xlfn.TEXTJOIN(",",TRUE,_xlfn._xlws.FILTER(CONSOLIDADO!U:U,CONSOLIDADO!V:V=REGLAS!B20,"NA"))} -> 328,334,329,302,316,330,333,344,355,372,308,327,332,339,301,340,363,387,310,321,323,331,336,348,345,377,311,326,338,343,347,411,335,303,317,366,367,383,362,354,410,218,309,412,413,414,415,416,417,422,369,393,395,406,235,324,407,304,745,745,1102,129,133,1102,129,129,129,131,1102,EAI01,744,1102,129,131,107,110,129,133,134,135,107,110,129,131,132,1102,201,202,203,205,207,208,209,210,211,213,214,215,218,231,233,234,235,245 | D20: INDICADOR TIPO E NO APLICA A IPS
A21: LABORATORIO-IMAGENOLOGIA | B21: IPS | C21: {=_xlfn.TEXTJOIN(",",TRUE,_xlfn._xlws.FILTER(CONSOLIDADO!U:U,CONSOLIDADO!V:V=REGLAS!B21,"NA"))} -> 328,334,329,302,316,330,333,344,355,372,308,327,332,339,301,340,363,387,310,321,323,331,336,348,345,377,311,326,338,343,347,411,335,303,317,366,367,383,362,354,410,218,309,412,413,414,415,416,417,422,369,393,395,406,235,324,407,304,745,745,1102,129,133,1102,129,129,129,131,1102,EAI01,744,1102,129,131,107,110,129,133,134,135,107,110,129,131,132,1102,201,202,203,205,207,208,209,210,211,213,214,215,218,231,233,234,235,245 | D21: INDICADOR TIPO E NO APLICA A IPS
A22: LENTES | B22: VALIDAR YEIMY | C22: {=_xlfn.TEXTJOIN(",",TRUE,_xlfn._xlws.FILTER(CONSOLIDADO!U:U,CONSOLIDADO!V:V=REGLAS!B22,"NA"))} -> NA | D22: INDICADOR TIPO E NO APLICA A IPS
A23: MATERIAL DE OSTEOSINTESIS | B23: MATERIAL DE OSTEOSINTESIS | C23: {=_xlfn.TEXTJOIN(",",TRUE,_xlfn._xlws.FILTER(CONSOLIDADO!U:U,CONSOLIDADO!V:V=REGLAS!B23,"NA"))} -> AHT07,CMO08,OEM06,AAM09 | D23: INDICADOR TIPO E NO APLICA A IPS
A24: MEDICAMENTOS | B24: MEDICAMENTOS | C24: {=_xlfn.TEXTJOIN(",",TRUE,_xlfn._xlws.FILTER(CONSOLIDADO!U:U,CONSOLIDADO!V:V=REGLAS!B24,"NA"))} -> NA | D24: INDICADOR TIPO E NO APLICA A IPS
A25: MEDICINA LABORAL | B25: IPS | C25: {=_xlfn.TEXTJOIN(",",TRUE,_xlfn._xlws.FILTER(CONSOLIDADO!U:U,CONSOLIDADO!V:V=REGLAS!B25,"NA"))} -> 328,334,329,302,316,330,333,344,355,372,308,327,332,339,301,340,363,387,310,321,323,331,336,348,345,377,311,326,338,343,347,411,335,303,317,366,367,383,362,354,410,218,309,412,413,414,415,416,417,422,369,393,395,406,235,324,407,304,745,745,1102,129,133,1102,129,129,129,131,1102,EAI01,744,1102,129,131,107,110,129,133,134,135,107,110,129,131,132,1102,201,202,203,205,207,208,209,210,211,213,214,215,218,231,233,234,235,245 | D25: INDICADOR TIPO E NO APLICA A IPS
A26: ODONTOLOGIA | B26: IPS | C26: {=_xlfn.TEXTJOIN(",",TRUE,_xlfn._xlws.FILTER(CONSOLIDADO!U:U,CONSOLIDADO!V:V=REGLAS!B26,"NA"))} -> 328,334,329,302,316,330,333,344,355,372,308,327,332,339,301,340,363,387,310,321,323,331,336,348,345,377,311,326,338,343,347,411,335,303,317,366,367,383,362,354,410,218,309,412,413,414,415,416,417,422,369,393,395,406,235,324,407,304,745,745,1102,129,133,1102,129,129,129,131,1102,EAI01,744,1102,129,131,107,110,129,133,134,135,107,110,129,131,132,1102,201,202,203,205,207,208,209,210,211,213,214,215,218,231,233,234,235,245 | D26: INDICADOR TIPO E NO APLICA A IPS
A27: OPERACIÓN LOGISTICA | B27: VALIDAR YEIMY | C27: {=_xlfn.TEXTJOIN(",",TRUE,_xlfn._xlws.FILTER(CONSOLIDADO!U:U,CONSOLIDADO!V:V=REGLAS!B27,"NA"))} -> NA | D27: INDICADOR TIPO E NO APLICA A IPS
A28: ORTESIS-PROTESIS | B28: VALIDAR YEIMY | C28: {=_xlfn.TEXTJOIN(",",TRUE,_xlfn._xlws.FILTER(CONSOLIDADO!U:U,CONSOLIDADO!V:V=REGLAS!B28,"NA"))} -> NA | D28: INDICADOR TIPO E NO APLICA A IPS
A29: OTRO | B29: NA | C29: {=_xlfn.TEXTJOIN(",",TRUE,_xlfn._xlws.FILTER(CONSOLIDADO!U:U,CONSOLIDADO!V:V=REGLAS!B29,"NA"))} -> NA | D29: INDICADOR TIPO E NO APLICA A IPS
A30: REHABILITACIÓN | B30: ALIADO RHI | C30: {=_xlfn.TEXTJOIN(",",TRUE,_xlfn._xlws.FILTER(CONSOLIDADO!U:U,CONSOLIDADO!V:V=REGLAS!B30,"NA"))} -> POR DEFINIR ,POR DEFINIR ,POR DEFINIR ,POR DEFINIR | D30: INDICADOR TIPO E NO APLICA A IPS
A31: REHABILITACIÓN-IPS ATENCIÓN DOMICILIARIA | B31: ALIADO RHI | C31: {=_xlfn.TEXTJOIN(",",TRUE,_xlfn._xlws.FILTER(CONSOLIDADO!U:U,CONSOLIDADO!V:V=REGLAS!B31,"NA"))} -> POR DEFINIR ,POR DEFINIR ,POR DEFINIR ,POR DEFINIR | D31: INDICADOR TIPO E NO APLICA A IPS
A32: SUMINISTRO MEDICAMENTOS-OXIGENO | C32: {=_xlfn.TEXTJOIN(",",TRUE,_xlfn._xlws.FILTER(CONSOLIDADO!U:U,CONSOLIDADO!V:V=REGLAS!B32,"NA"))} | D32: INDICADOR TIPO E NO APLICA A IPS
A33: TRANSPORTE NO URGENTES | B33: NA | C33: {=_xlfn.TEXTJOIN(",",TRUE,_xlfn._xlws.FILTER(CONSOLIDADO!U:U,CONSOLIDADO!V:V=REGLAS!B33,"NA"))} -> NA | D33: INDICADOR TIPO E NO APLICA A IPS

Sheet CONSOLIDADO
A1: TIPO INDICADOR | B1: CATEGORÍA | C1: NOMBRE DEL INDICADOR | D1: FECHA DE CREACIÓN DEL INDICADOR | E1: CÓDIGO Res. 256 de 2016 | F1: CÓDIGO PROPIO | G1: DESCRIPCIÓN | H1: FORMULA | I1: NUMERADOR | J1: FUENTE DEL NUMERADOR | K1: DENOMINADOR | L1: FUENTE DEL DENOMINADOR | M1: UNIDAD DE MEDIDA | N1: META | O1: PERIODICIDAD | P1: PROGRESIVIDAD | Q1: OBSERVACIONES | R1: METODOLOGÍA | S1: EXCLUSIONES | T1: RESPONSABLE | U1: CÓDIGO REPS | V1: TIPO DE PROVEEDOR | W1: LLAVE | X1: CONDICION
A2: Gestión | B2: Adherencia | C2: Adherencia a la herramienta Tecnológica designada por la compañía | D2: Apartir de suscripcion del acuerdo del indicador con el prestador | E2: N/A | F2: I.C.119 | G2: Medir la gestion oportuna del proveedor en las herramientas tecnologicas designadas por la compañía, frente a los servicios autorizados. | H2: Número de cargues completos en bitácora * 100 / Número total de autorizaciones asginadas | I2: Número de cargues completos en bitácora * 100 | J2: Bitácoras de la herramienta tecnológica de la compañía | K2: Número total de autorizaciones asginadas | L2: Bitácoras de la herramienta tecnológica de la compañía | M2: Porcentaje | N2: 0.98 | O2: Mensual | P2: Ascendente | Q2: El registro en la bitácora de la herramienta tecnológica de la compañía, contará con la siguiente información (compromiso de entrega, novedades, entrega efectiva): Compromiso de entrega: paciente – fecha – hora de cirugía – fecha – hora de entrega – material – persona de contacto en la IPS. (Registro en bitácora máximo 2 días hábiles) Novedades: paciente- IPS -descripción del evento – notificación del evento IPS, ente autorizador (nombre-fecha-hora), requiere soporte técnico (nombre-fecha-hora). (Registro en bitácora máximo 2 días hábiles) Entrega efectiva: fecha - hora de entrega –material entregado- persona que recibe en la IPS (Registro en bitácora máximo 4 días hábiles). *En las autorizaciones vencidas debe quedar la nota de escalamiento a la operación para renovar la autorización. * En autorizaciones anuladas por causa del proveedor debe quedar la nota de la causa por parte del prestador para no dar cumplimiento al servicio. * El proveedor deberá registrar en la bitácora del aplicativo tecnologico de la compañía el compromiso de entrega, novedades y entrega efectiva de cada uno de los suministros autorizados. | R2: Muestra: Se realizara la validacion del 100% de la autorizaciones asignadas en el periodo a evaluar. Metodología denominador: 1.Se revisará en la herramienta tecnologíca todas las autorizaciones asignadas al proveedor. 2.Se excluiran de la medicion las autorizaciones que cumplan con los criterios definidos como exclusión. Metodología numerador: 1. Se revisará en la herramienta tecnologíca que todas las autorizaciones cuenten con lo definido en el indicador(Observaciones) segun aplique. | S2: • Falla en la herramienta de gestión establecida por la compañía • Autorización anulada siempre y cuando no sea por una causa atribuible al proveedor • Pendiente programación de cirugía. | T2: Supervisor y/o interventoria designada. | U2: AHT07 | V2: MATERIAL DE OSTEOSINTESIS | W2: POR TIPO | X2: MATERIAL DE OSTEOSINTESIS
A3: Gestión | B3: Oportunidad | C3: Oportunidad en la asignación de cita de terapias | D3: Apartir de suscripcion del acuerdo del indicador con el prestador | E3: N/A | F3: I.C.136 | G3: Expresa el tiempo de espera en dias calendario que transcurren entre la fecha de solicitud de la cita para terapias y la fecha en la cual el usuario la solicitó | H3: Sumatoria de la diferencia de los dias calendario entre la fecha en la que se asignó la cita de terapias y la fecha en la cual el usuario la solicitó / número total de citas de terpias asignadas | I3: Sumatoria de la diferencia de los dias calendario entre la fecha en la que se asignó la cita de terapias | J3: Sistema de Gestión de Calidad de la Institución | K3: número total de citas de terpias asignadas | L3: Sistema de Gestión de Calidad de la Institución | M3: Días | N3: 2 días | O3: Trimestral | P3: Descendente | Q3: Ninguna | R3: La firma de interventoria o supervisor solicita a los proveedores de prestaciones de servicios de salud con los cuales se tiene contrato vigente, el reporte de los datos reelacionados con este indicador respecto a los asegurados de Positiva que registran atenciones de este servicio en el periodo evaluado. | S3: Ninguna | T3: Supervisor y/o interventoria designada. | U3: 418 | V3: IPS CON RHB | W3: 418 | X3: REPS HABILITADO
A4: Gestión | B4: Oportunidad | C4: Oportunidad en la asignación de cita de terapias | D4: Apartir de suscripcion del acuerdo del indicador con el prestador | E4: N/A | F4: I.C.136 | G4: Expresa el tiempo de espera en dias calendario que transcurren entre la fecha de solicitud de la cita para terapias y la fecha en la cual el usuario la solicitó | H4: Sumatoria de la diferencia de los dias calendario entre la fecha en la que se asignó la cita de terapias y la fecha en la cual el usuario la solicitó / número total de citas de terpias asignadas | I4: Sumatoria de la diferencia de los dias calendario entre la fecha en la que se asignó la cita de terapias | J4: Sistema de Gestión de Calidad de la Institución | K4: número total de citas de terpias asignadas | L4: Sistema de Gestión de Calidad de la Institución | M4: Días | N4: 2 días | O4: Trimestral | P4: Descendente | Q4: Ninguna | R4: La firma de interventoria o supervisor solicita a los proveedores de prestaciones de servicios de salud con los cuales se tiene contrato vigente, el reporte de los datos reelacionados con este indicador respecto a los asegurados de Positiva que registran atenciones de este servicio en el periodo evaluado. | S4: Ninguna | T4: Supervisor y/o interventoria designada. | U4: 417 | V4: IPS CON RHB | W4: 417 | X4: REPS HABILITADO
A5: Gestión | B5: Oportunidad | C5: Oportunidad en la asignación de cita de terapias | D5: Apartir de suscripcion del acuerdo del indicador con el prestador | E5: N/A | F5: I.C.137 | G5: Expresa el tiempo de espera en dias calendario que transcurren entre la fecha de solicitud de la cita para terapias y la fecha en la cual el usuario la solicitó | H5: Sumatoria de la diferencia de los dias calendario entre la fecha en la que se asignó la cita de terapias y la fecha en la cual el usuario la solicitó / número total de citas de terpias asignadas | I5: Sumatoria de la diferencia de los dias calendario entre la fecha en la que se asignó la cita de terapias | J5: Sistema de Gestión de Calidad de la Institución | K5: número total de citas de terpias asignadas | L5: Sistema de Gestión de Calidad de la Institución | M5: Días | N5: 2 días | O5: Trimestral | P5: Descendente | Q5: Ninguna | R5: La firma de interventoria o supervisor solicita a los proveedores de prestaciones de servicios de salud con los cuales se tiene contrato vigente, el reporte de los datos reelacionados con este indicador respecto a los asegurados de Positiva que registran atenciones de este servicio en el periodo evaluado. | S5: Ninguna | T5: Supervisor y/o interventoria designada. | U5: 419 | V5: IPS CON RHB | W5: 419 | X5: REPS HABILITADO
A6: Gestión | B6: Oportunidad | C6: Oportunidad en la asignación de cita de terapias | D6: Apartir de suscripcion del acuerdo del indicador con el prestador | E6: N/A | F6: I.C.138 | G6: Expresa el tiempo de espera en dias calendario que transcurren entre la fecha de solicitud de la cita para terapias y la fecha en la cual el usuario la solicitó | H6: Sumatoria de la diferencia de los dias calendario entre la fecha en la que se asignó la cita de terapias y la fecha en la cual el usuario la solicitó / número total de citas de terpias asignadas | I6: Sumatoria de la diferencia de los dias calendario entre la fecha en la que se asignó la cita de terapias | J6: Sistema de Gestión de Calidad de la Institución | K6: número total de citas de terpias asignadas | L6: Sistema de Gestión de Calidad de la Institución | M6: Días | N6: 2 días | O6: Trimestral | P6: Descendente | Q6: Ninguna | R6: La firma de interventoria o supervisor solicita a los proveedores de prestaciones de servicios de salud con los cuales se tiene contrato vigente, el reporte de los datos reelacionados con este indicador respecto a los asegurados de Positiva que registran atenciones de este servicio en el periodo evaluado. | S6: Ninguna | T6: Supervisor y/o interventoria designada. | U6: 728 | V6: IPS CON RHB | W6: 728 | X6: REPS HABILITADO
A7: Gestión | B7: Oportunidad | C7: Oportunidad en la asignación de cita de terapias | D7: Apartir de suscripcion del acuerdo del indicador con el prestador | E7: N/A | F7: I.C.139 | G7: Expresa el tiempo de espera en dias calendario que transcurren entre la fecha de solicitud de la cita para terapias y la fecha en la cual el usuario la solicitó | H7: Sumatoria de la diferencia de los dias calendario entre la fecha en la que se asignó la cita de terapias y la fecha en la cual el usuario la solicitó / número total de citas de terpias asignadas | I7: Sumatoria de la diferencia de los dias calendario entre la fecha en la que se asignó la cita de terapias | J7: Sistema de Gestión de Calidad de la Institución | K7: número total de citas de terpias asignadas | L7: Sistema de Gestión de Calidad de la Institución | M7: Días | N7: 1 días | O7: Trimestral | P7: Descendente | Q7: Ninguna | R7: La firma de interventoria o supervisor solicita a los proveedores de prestaciones de servicios de salud con los cuales se tiene contrato vigente, el reporte de los datos reelacionados con este indicador respecto a los asegurados de Positiva que registran atenciones de este servicio en el periodo evaluado. | S7: Ninguna | T7: Supervisor y/o interventoria designada. | U7: 729 | V7: IPS CON RHB | W7: 729 | X7: REPS HABILITADO
A8: Gestión | B8: Oportunidad | C8: Oportunidad en la asignación de cita de terapias | D8: Apartir de suscripcion del acuerdo del indicador con el prestador | E8: N/A | F8: I.C.145 | G8: Expresa el tiempo de espera en dias calendario que transcurren entre la fecha de solicitud de la cita para terapias y la fecha en la cual el usuario la solicitó | H8: Sumatoria de la diferencia de los dias calendario entre la fecha en la que se asignó la cita de terapias y la fecha en la cual el usuario la solicitó / número total de citas de terpias asignadas | I8: Sumatoria de la diferencia de los dias calendario entre la fecha en la que se asignó la cita de terapias | J8: Sistema de Gestión de Calidad de la Institución | K8: número total de citas de terpias asignadas | L8: Sistema de Gestión de Calidad de la Institución | M8: Días | N8: 1 días | O8: Trimestral | P8: Descendente | Q8: Ninguna | R8: La firma de interventoria o supervisor solicita a los proveedores de prestaciones de servicios de salud con los cuales se tiene contrato vigente, el reporte de los datos reelacionados con este indicador respecto a los asegurados de Positiva que registran atenciones de este servicio en el periodo evaluado. | S8: Ninguna | T8: Supervisor y/o interventoria designada. | U8: OAD24 | V8: IPS CON RHB | W8: POR TIPO
A9: Calidad | B9: Calidad | C9: Calidad del material de osteosíntesis | D9: Apartir de suscripcion del acuerdo del indicador con el prestador | E9: N/A | F9: I.C.120 | G9: Medir la calidad calidad del material de osteosíntesis suministrado por el proveedor para los asegurados de la compañía. | H9: Número de reintervenciones asociadas a fatiga o fallas de calidad del material de osteosíntesis (extracciones de dispositivos relacionados con ruptura, cambios en el diseño no notificados al cliente, fallas o falencias en las materias primas del dispositivo) | I9: Número de reintervenciones asociadas a fatiga o fallas de calidad del material de osteosíntesis (extracciones de dispositivos relacionados con ruptura, cambios en el diseño no notificados al cliente, fallas o falencias en las materias primas del dispositivo) | J9: Base de datos de autorizaciones del aplicativo Cuida 2.0, extraciones, bitacoras Cuida II, Sistemas de informacion del proveedor, encuestas medicos tratantes, analisis de caso, INVIMA, reportes de calidad o de producción originadora y demás elementos que permitan la identificacion de casos reintervenciones. | K9: NA | L9: NA | M9: Número de reintervenciones asociadas a fatiga o fallas de calidad del material de osteosíntesis | N9: 0 | O9: Trimestral | P9: Descendente | Q9: *Las reintervenciones: extracciones de dispositivos relacionados con ruptura, cambios en el diseño no notificados al cliente, fallas o falencias en las materias primas del dispositivo. *En caso que se presente posible falla del material o fractura del mismo, se debe garantizar el envío del material fracturado a la respectiva casa fabricante para que se le realice la trazabilidad de acuerdo al lote de fabricación que tiene cada pieza de material y así se genere un informe de total confianza para POSITIVA ARL y poder definir si el evento ocurrido tiene o no que ver con la calidad de fabricación. | R9: * Con base en la información recolectada validara la existencia de reintervenciones en el periodo. * Se notificara y requerira al proveedor informacion relacionada con las reintervenciones identificadas, allegando la información necesaria de los casos. *El proveedor tiene un plazo de 10 días hábiles para demostrar que la falla no es atribuible a la calidad del producto. * De acuerdo con los resultados se aplicara la formula del indicador. | S9: Ninguna | T9: Supervisor y/o interventoria designada. | U9: CMO08 | V9: MATERIAL DE OSTEOSINTESIS | W9: POR TIPO | X9: MATERIAL DE OSTEOSINTESIS
A10: Gestión | B10: Gestión | C10: Oportunidad En La Radicación De Facturas Por Proveedor | D10: Apartir de suscripcion del acuerdo del indicador con el prestador | E10: N/A | F10: I.C.110 | G10: El indicador busca monitorear los días que se demora el prestador de servicios o tecnologias de salud IPS o proveedor en facturar el servicio prestado. | H10: Promedio ( aritmético) de número de dias resultado (Fecha de radicación de la factura menos (-) fecha de prestación del servicio u homologa) | I10: Promedio ( aritmético) de número de dias resultado (Fecha de radicación de la factura menos) | J10: Herramienta Tecnológica Vigente Definida Por Positiva | K10: fecha de prestación del servicio u homologa | L10: Herramienta Tecnológica Vigente Definida Por Positiva | M10: Número promedio ( aritmético) de dias | N10: 30 días calendario | O10: Trimestral o mensual dependiendo de la periodicidad del informe de interventoria a reportar | P10: Descendente | Q10: Realizada Por Parte Del Del Servicio De Interventoría | R10: La firma interventora accede al aplicativo dispuesto por la compañia que registra (reporte de radicaciòn para conocer la fecha del servicio y la fecha de radicación de cada una de las facturas registradas ante Positiva), de acuerdo a la vigencia del contrato. | S10: Fallas en la operación por parte del proveedor de radicación / inconsistencias en la herramienta tecnológica de radicación. Si no hay radicación para el periodo a medir se debe colocar No aplica - sin radicación. | T10: Supervisor y/o interventoria designada. | U10: Todos los REPS | V10: TODOS LOS PROVEEDORES | W10: ALL | X10: TODOS
A11: Gestión | B11: Gestión | C11: Oportunidad En La Gestion De Las Devoluciones | D11: Apartir de suscripcion del acuerdo del indicador con el prestador | E11: N/A | F11: I.C.111 | G11: El indicador busca monitorear el número de devoluciones de facturas en radicación realizadas al proveedor. | H11: (Número total de facturas devueltas /( sobre) Número total de facturas radicadas en el periodo a evaluar) * (por) 100% | I11: Número total de facturas devueltas | J11: Herramienta Tecnológica Vigente Definida Por Positiva | K11: Número total de facturas radicadas en el periodo a evaluar) * (por) 100% | L11: Herramienta Tecnológica Vigente Definida Por Positiva | M11: Porcentaje de devoluciones | N11: Del 0 % al 5 % | O11: Trimestral o mensual dependiendo de la periodicidad del informe de interventoria a reportar | P11: Descendente | Q11: Realizada Por Parte Del Del Servicio De Interventoría | R11: La firma interventora accede al aplicativo que comprende la información de radicación para conocer el número de facturas devueltas debido a causa del proveedor | S11: Fallas tecnológicas o devolución errada por parte del operador de radicación. No aplica -sin devoluciones | T11: Supervisor y/o interventoria designada. | U11: Todos los REPS | V11: TODOS LOS PROVEEDORES | W11: ALL | X11: TODOS
A12: Gestión | B12: Gestión | C12: Oportunidad En La Respuesta De Glosas Por Proveedores | D12: Apartir de suscripcion del acuerdo del indicador con el prestador | E12: N/A | F12: I.C.112 | G12: El indicador busca monitorear los días que se demora el proveedor en responder a la glosa formulada por parte de la firma auditora. | H12: Promedio ( aritmético) del número de dias (Fecha de respuesta por parte del proveedor menos (-) menos Fecha de notificación de glosa ) | I12: Promedio ( aritmético) del número de dias (Fecha de respuesta por parte del proveedor menos | J12: Herramienta Tecnológica Vigente Definida Por Positiva | K12: Fecha de notificación de glosa | L12: Herramienta Tecnológica Vigente Definida Por Positiva | M12: Promedio ( aritmético) de número de dias que toma el proveedor para responder glosa. | N12: 20 días hábiles | O12: Trimestral o mensual dependiendo de la periodicidad del informe de interventoria a reportar | P12: Descendente | Q12: Realizada Por Parte Del Del Servicio De Interventoría | R12: La firma interventora accede al aplicativo que registra la información de auditoria, para conocer la fecha de notificación de la glosa y la fecha de la primera respuesta a la glosa por parte del proveedor. | S12: Inconsistencias en la herramienta tecnológica de auditoría. No aplica -sin glosa. Para los casos que al momento de la mediciòn del indicador no cuenta con respuesta estando en los terminos de ley se tomará como esta (fecha de primera respuesta) el día que se realiza la medición del indicador. | T12: Supervisor y/o interventoria designada. | U12: Todos los REPS | V12: TODOS LOS PROVEEDORES | W12: ALL | X12: TODOS
A13: Gestión | B13: Gestión | C13: Calidad En La Respuesta De Glosa Dadas Por El Proveedor | D13: Apartir de suscripcion del acuerdo del indicador con el prestador | E13: N/A | F13: I.C.113 | G13: El indicador busca monitorear las veces en que se realiza reunión de conciliación para validar con el proveedor la calidad de las respuestas dadas a las glosas formuladas. | H13: Suma del número de conciliaciones (reuniones) realizadas en el periodo a evaluar | I13: Suma del número de conciliaciones (reuniones) realizadas en el periodo a evaluar | J13: Informe De conciliación Cuentas Medicas | K13: N/A | L13: N/A | M13: Número de reuniones de conciliación | N13: 0 a 2 reuniones | O13: Trimestral o mensual dependiendo de la periodicidad del informe de interventoria a reportar | P13: Descendente | Q13: Realizada Por Parte Del Del Servicio De Interventoría | R13: La interventoría cuantificará de acuerdo a la información recibida del equipo de conciliación en número de veces en que se reunen con el proveedor para validar la calidad de las respuestas dadas a las glosas formuladas. | S13: No aplica -sin conciliaciòn. Para los casos que al momento de la mediciòn del indicador no cuenta con glosa generada | T13: Supervisor y/o interventoria designada. | U13: Todos los REPS | V13: TODOS LOS PROVEEDORES | W13: ALL | X13: TODOS
A14: calidad | B14: Oportunidad | C14: Tiempo promedio de espera para la asignación de cita de Medicina General | D14: Apartir de suscripcion del acuerdo del indicador con el prestador | E14: P.3.1 | F14: I.C.48 | G14: Expresa el tiempo de espera en días calendario que transcurren entre la fecha de solicitud de la cita para la consulta de Medicina general de primera vez por parte del paciente/ usuario a la IPS y la fecha en que es asignada | H14: Sumatoria de la diferencia de días calendario entre la fecha en la que se asignó la cita de Medicina general de primera vez y la fecha en la cual el usuario la solicitó/Número total de citas de Medicina General de primera vez asignadas | I14: Sumatoria de la diferencia de días calendario entre la fecha en la que se asignó la cita de Medicina general de primera vez y la fecha en la cual el usuario la solicitó | J14: Reporte remitido por los prestadores de servicios de acuerdo a lo establecido por la Resolución 256 de 2016 | K14: Número total de citas de Medicina General de primera vez asignadas | L14: Reporte remitido por los prestadores de servicios de acuerdo a lo establecido por la Resolución 256 de 2016 | M14: Días | N14: 4 días calendario | O14: Trimestral | P14: Descendente | Q14: La consulta de primera vez, hace referencia a la primera consulta del paciente que se registra por primera vez en el año razón por la cual se excluye la consulta de control. Aplica para IPS y no aplica para servicios de transporte especial de pacientes | R14: La firma de interventoria o supervisor solicita a los proveedores de prestaciones de servicios de salud con los cuales se tiene contrato vigente, el reporte de los datos reelacionados con este indicador respecto a los asegurados de Positiva que registran atenciones de este servicio en el periodo evaluado. | S14: Ninguna | T14: Supervisor y/o interventoria designada. | U14: 328 | V14: IPS | W14: 328 | X14: REPS HABILITADO
A15: calidad | B15: Oportunidad | C15: Tiempo promedio de espera para la asignación de cita de Odontologia general | D15: Apartir de suscripcion del acuerdo del indicador con el prestador | E15: P.3.2 | F15: I.C.49 | G15: Expresa el tiempo de espera en dias calendario que transcurren entre la fecha de la solicitud y la cita para consulta por Odontologia General de primera vez por parte del paciente/ usuario a la IPS y la fecha en que es asignada | H15: Sumatoria de la diferencia de días calendario entre la fecha en la que se asignó la cita de Odontología general de primera vez y la fecha en la cual el usuario la solicitó/Número total de citas de Odontología General de primera vez asignadas | I15: Sumatoria de la diferencia de días calendario entre la fecha en la que se asignó la cita de Odontología general de primera vez y la fecha en la cual el usuario la solicitó | J15: Reporte remitido por los prestadores de servicios de acuerdo a lo establecido por la Resolución 256 de 2016 | K15: Número total de citas de Odontología General de primera vez asignadas | L15: Reporte remitido por los prestadores de servicios de acuerdo a lo establecido por la Resolución 256 de 2016 | M15: Días | N15: 5 días calendario | O15: Trimestral | P15: Descendente | Q15: La consulta de primera vez hace referencia a la primera consulta del paciente que se registra por primera vez en el año, razón por la cual se excluye la consulta de control. Aplica para IPS y no aplica para los servicios de transporte especial de pacientes | R15: La firma de interventoria o supervisor solicita a los proveedores de prestaciones de servicios de salud con los cuales se tiene contrato vigente, el reporte de los datos reelacionados con este indicador respecto a los asegurados de Positiva que registran atenciones de este servicio en el periodo evaluado. | S15: Ninguna | T15: Supervisor y/o interventoria designada. | U15: 334 | V15: IPS | W15: 334 | X15: REPS HABILITADO
A16: calidad | B16: Oportunidad | C16: Tiempo promedio de espera para la asignación de cita de Medicina interna | D16: Apartir de suscripcion del acuerdo del indicador con el prestador | E16: P.3.3 | F16: I.C.50 | G16: Expresa el tiempo de espera en dias calendario que transcurren entre la fecha de solicitud de la cita para la consulta por Medicina Interna de primera vez y la fecha en la cual el usuario lo solicitó | H16: Sumatoria de la diferencia de los dias calendario entre la fecha en la que se asignó la cita de Medicina Interna de primera vez y la fecha en la cual el usuario la solicitó / número total de citas de medicina interna de primera vez asignadas | I16: Sumatoria de la diferencia de dias calendario entre la fecha en la que se asignó la cita de medicina interna de primera vez y la fecha en la cual el usuario la solicitó | J16: Reporte remitido por los prestadores de servicios de acuerdo a lo establecido por la Resolución 256 de 2016 | K16: Número total de citas de medicina interna de primera vez asignadas | L16: Reporte remitido por los prestadores de servicios de acuerdo a lo establecido por la Resolución 256 de 2016 | M16: Días | N16: 14 días calendario | O16: Trimestral | P16: Descendente | Q16: La consulta de primera vez hace referencia a la primera consulta del paciente que se registra por primera vez en el año, razón por la cual se excluye la consulta de control. Aplica para IPS y no aplica para los servicios de transporte especial de pacientes | R16: La firma de interventoria o supervisor solicita a los proveedores de prestaciones de servicios de salud con los cuales se tiene contrato vigente, el reporte de los datos reelacionados con este indicador respecto a los asegurados de Positiva que registran atenciones de este servicio en el periodo evaluado. | S16: Ninguna | T16: Supervisor y/o interventoria designada. | U16: 329 | V16: IPS | W16: 329 | X16: REPS HABILITADO
A17: calidad | B17: Oportunidad | C17: Tiempo promedio de espera para la asignación de cita de Cardiologia | D17: Apartir de suscripcion del acuerdo del indicador con el prestador | E17: N/A | F17: I.C.51 | G17: Expresa el tiempo de espera en dias calendario que transcurren entre la fecha de solicitud de la cita para la consulta por Cardiología de primera vez y la fecha en la cual el usuario la solicitó | H17: Sumatoria de la diferencia de los dias calendario entre la fecha en la que se asignó la cita de Cardiología de primera vez y la fecha en la cual el usuario la solicitó / número total de citas de cardiología de primera vez asignadas | I17: Sumatoria de la diferencia de dias calendario entre la fecha en la que se asignó la cita de cardiología de primera vez y la fecha en la cual el usuario la solicitó | J17: Sistema de Gestión de Calidad de la Institución | K17: Número total de citas de cardiología de primera vez asignadas | L17: Sistema de Gestión de Calidad de la Institución | M17: Días | N17: 5 días calendario | O17: Trimestral | P17: Descendente | Q17: La consulta de primera vez hace referencia a la primera consulta del paciente que se registra por primera vez en el año, razón por la cual se excluye la consulta de control. Aplica para IPS y no aplica para los servicios de transporte especial de pacientes | R17: La firma de interventoria o supervisor solicita a los proveedores de prestaciones de servicios de salud con los cuales se tiene contrato vigente, el reporte de los datos reelacionados con este indicador respecto a los asegurados de Positiva que registran atenciones de este servicio en el periodo evaluado. | S17: Ninguna | T17: Supervisor y/o interventoria designada. | U17: 302 | V17: IPS | W17: 302 | X17: REPS HABILITADO
A18: calidad | B18: Oportunidad | C18: Tiempo promedio de espera para la asignación de cita de Gastroenterología | D18: Apartir de suscripcion del acuerdo del indicador con el prestador | E18: N/A | F18: I.C.52 | G18: Expresa el tiempo de espera en dias calendario que transcurren entre la fecha de solicitud de la cita para la consulta por Gastroenterología de primera vez y la fecha en la cual el usuario la solicitó | H18: Sumatoria de la diferencia de los dias calendario entre la fecha en la que se asignó la cita de Gastroenterología de primera vez y la fecha en la cual el usuario la solicitó / número total de citas de gastroenterología de primera vez asignadas | I18: Sumatoria de la diferencia de dias calendario entre la fecha en la que se asignó la cita de gastroenterología de primera vez y la fecha en la cual el usuario la solicitó | J18: Sistema de Gestión de Calidad de la Institución | K18: Número total de citas de gastroenterología de primera vez asignadas | L18: Sistema de Gestión de Calidad de la Institución | M18: Días | N18: 5 días calendario | O18: Trimestral | P18: Descendente | Q18: La consulta de primera vez hace referencia a la primera consulta del paciente que se registra por primera vez en el año, razón por la cual se excluye la consulta de control. Aplica para IPS y no aplica para los servicios de transporte especial de pacientes | R18: La firma de interventoria o supervisor solicita a los proveedores de prestaciones de servicios de salud con los cuales se tiene contrato vigente, el reporte de los datos reelacionados con este indicador respecto a los asegurados de Positiva que registran atenciones de este servicio en el periodo evaluado. | S18: Ninguna | T18: Supervisor y/o interventoria designada. | U18: 316 | V18: IPS | W18: 316 | X18: REPS HABILITADO
A19: calidad | B19: Oportunidad | C19: Tiempo promedio de espera para la asignación de cita de Nefrología | D19: Apartir de suscripcion del acuerdo del indicador con el prestador | E19: N/A | F19: I.C.53 | G19: Expresa el tiempo de espera en dias calendario que transcurren entre la fecha de solicitud de la cita para la consulta por Nefrología de primera vez y la fecha en la cual el usuario la solicitó | H19: Sumatoria de la diferencia de los dias calendario entre la fecha en la que se asignó la cita de Nefrología de primera vez y la fecha en la cual el usuario la solicitó / número total de citas de nefrología de primera vez asignadas | I19: Sumatoria de la diferencia de dias calendario entre la fecha en la que se asignó la cita de nefrología de primera vez y la fecha en la cual el usuario la solicitó | J19: Sistema de Gestión de Calidad de la Institución | K19: Número total de citas de nefrología de primera vez asignadas | L19: Sistema de Gestión de Calidad de la Institución | M19: Días | N19: 5 días calendario | O19: Trimestral | P19: Descendente | Q19: La consulta de primera vez hace referencia a la primera consulta del paciente que se registra por primera vez en el año, razón por la cual se excluye la consulta de control. Aplica para IPS y no aplica para los servicios de transporte especial de pacientes | R19: La firma de interventoria o supervisor solicita a los proveedores de prestaciones de servicios de salud con los cuales se tiene contrato vigente, el reporte de los datos reelacionados con este indicador respecto a los asegurados de Positiva que registran atenciones de este servicio en el periodo evaluado. | S19: Ninguna | T19: Supervisor y/o interventoria designada. | U19: 330 | V19: IPS | W19: 330 | X19: REPS HABILITADO
A20: calidad | B20: Oportunidad | C20: Tiempo promedio de espera para la asignación de cita de Nutrición y dietetica | D20: Apartir de suscripcion del acuerdo del indicador con el prestador | E20: N/A | F20: I.C.54 | G20: Expresa el tiempo de espera en dias calendario que transcurren entre la fecha de solicitud de la cita para la consulta por Nutrición y dietetica de primera vez y la fecha en la cual el usuario la solicitó | H20: Sumatoria de la diferencia de los dias calendario entre la fecha en la que se asignó la cita de nutrición y dietetica de primera vez y la fecha en la cual el usuario la solicitó / número total de citas de nutrición y dietetica a de primera vez asignadas | I20: Sumatoria de la diferencia de dias calendario entre la fecha en la que se asignó la cita de nutrición y dietetica de primera vez y la fecha en la cual el usuario la solicitó | J20: Sistema de Gestión de Calidad de la Institución | K20: Número total de citas de nutrición y dietetica de primera vez asignadas | L20: Sistema de Gestión de Calidad de la Institución | M20: Días | N20: 5 días calendario | O20: Trimestral | P20: Descendente | Q20: La consulta de primera vez hace referencia a la primera consulta del paciente que se registra por primera vez en el año, razón por la cual se excluye la consulta de control. Aplica para IPS y no aplica para los servicios de transporte especial de pacientes | R20: La firma de interventoria o supervisor solicita a los proveedores de prestaciones de servicios de salud con los cuales se tiene contrato vigente, el reporte de los datos reelacionados con este indicador respecto a los asegurados de Positiva que registran atenciones de este servicio en el periodo evaluado. | S20: Ninguna | T20: Supervisor y/o interventoria designada. | U20: 333 | V20: IPS | W20: 333 | X20: REPS HABILITADO
A21: calidad | B21: Oportunidad | C21: Tiempo promedio de espera para la asignación de cita de psicología | D21: Apartir de suscripcion del acuerdo del indicador con el prestador | E21: N/A | F21: I.C.55 | G21: Expresa el tiempo de espera en dias calendario que transcurren entre la fecha de solicitud de la cita para la consulta por psicologia de primera vez y la fecha en la cual el usuario la solicitó | H21: Sumatoria de la diferencia de los dias calendario entre la fecha en la que se asignó la cita de psicología de primera vez y la fecha en la cual el usuario la solicitó / número total de citas de psicología de primera vez asignadas | I21: Sumatoria de la diferencia de dias calendario entre la fecha en la que se asignó la cita de psicología de primera vez y la fecha en la cual el usuario la solicitó | J21: Sistema de Gestión de Calidad de la Institución | K21: Número total de citas de psicología de primera vez asignadas | L21: Sistema de Gestión de Calidad de la Institución | M21: Días | N21: 5 días calendario | O21: Trimestral | P21: Descendente | Q21: La consulta de primera vez hace referencia a la primera consulta del paciente que se registra por primera vez en el año, razón por la cual se excluye la consulta de control. Aplica para IPS y no aplica para los servicios de transporte especial de pacientes | R21: La firma de interventoria o supervisor solicita a los proveedores de prestaciones de servicios de salud con los cuales se tiene contrato vigente, el reporte de los datos reelacionados con este indicador respecto a los asegurados de Positiva que registran atenciones de este servicio en el periodo evaluado. | S21: Ninguna | T21: Supervisor y/o interventoria designada. | U21: 344 | V21: IPS | W21: 344 | X21: REPS HABILITADO
... A74: calidad | B74: Oportunidad | C74: Tiempo promedio de espera para la atención del paciente clasificado como Triage 2 en servicio de urgencias | D74: Apartir de suscripcion del acuerdo del indicador con el prestador | E74: P.3.10 | F74: I.C.108 | G74: Expresa el tiempo de espera en minutos para el paciente clasificado como Triage 2 en el servicio de urgencias hasta que se inicia la atención en consulta de urgencias por médico | H74: Sumatoria del número de minutos transcurridos a partir de que el paciente es clasificado como Triage 2 y el momento en el cual es atendido en consulta de Urgencias por médico/Número total de pacientes clasificados como Triage 2 | I74: Sumatoria del número de minutos transcurridos a partir de que el paciente es clasificado como Triage 2 y el momento en el cual es atendido en consulta de Urgencias por médico | J74: Reporte remitido por los prestadores de servicios de acuerdo a lo establecido por la Resolución 256 de 2016 | K74: Número total de pacientes clasificados como Triage 2 | L74: Reporte remitido por los prestadores de servicios de acuerdo a lo establecido por la Resolución 256 de 2016 | M74: Minutos | N74: 30 mínutos | O74: Trimestral | P74: Descendente | Q74: Sólo se tiene en cuenta el triage 2, es decir se excluyen los demás Triage. Aplica para IPS y no aplica para los servicios de transporte especial de pacientes | R74: La firma de interventoria solicita a los proveedores de prestaciones de servicios de salud con los cuales se tiene contrato vigente, copia del reporte de indicadores de calidad de acuerdo a la Resolución 256 de 2016 | S74: Se excluyen los Triage I, III, IV y V. | T74: Supervisor y/o interventoria designada. | U74: 1102 | V74: IPS | W74: 1102 | X74: REPS HABILITADO
A75: Calidad | B75: Satisfaccion | C75: Proporción de satisfacción global de los usuarios en la IPS | D75: Apartir de suscripcion del acuerdo del indicador con el prestador | E75: P.3.14 | F75: I.C.109 | G75: Expresa la proporción de usuarios sastisfechos con los servicios recibidos en la IPS | H75: Se calcula como el cociente entre el número de usuarios que respondieron "muy buena" o "buena" a la pregunta Cómo calificaría su experiencia global respecto a los servicios de salud que ha recibido a través de su IPS?, y el número de usuarios que respondieron la pregunta por 100 expresado como porcentaje | I75: Número de usuarios que respondieron "muy buena" o "buena" a la pregunta Cómo calificaría su experiencia global respecto a los servicios de salud que ha recibido a través de su IPS | J75: Reporte remitido por los prestadores de servicios de acuerdo a lo establecido por la Resolución 256 de 2016 | K75: Número de usuarios que respondieron la pregunta | L75: Reporte remitido por los prestadores de servicios de acuerdo a lo establecido por la Resolución 256 de 2016 | M75: Porcentaje | N75: 0.95 | O75: Trimestral | P75: Ascendente | Q75: Las opciones de respuesta del usuario a la pregunta Cómo calificaría su experiencia global respecto a los servicios de salud que ha recibido a través de su IPS ?, serian: 1= muy mala 2=mala, 3=regular, 4=Buena, 5=muy buena, 0=no informa. Aplica para la IPS y para los servicios de transporte espcial de pacientes | R75: El prestador remitirá los datos del indicador objeto de medición dentro de los treinta (30) días calendario siguientes a la terminación del respectivo trimestre. | S75: Se excluyen de la medición los usuarios que respondieron la pregunta Cómo calificaría su experiencia global respecto a los servicios de salud que ha recibido a través de su IPS ?: 0=no informa. | T75: Supervisor y/o interventoria designada. | U75: Todos los REPS | V75: IPS-RHI-RIESGO BIOLOGICO | W75: ALL | X75: TODOS
A76: Resultados en salud | B76: PQRD | C76: PQRD procedentes para el asegurado | D76: Apartir de suscripcion del acuerdo del indicador con el prestador | E76: N/A | F76: I.C.116 | G76: Monitorear las PQRD procedentes para los asegurados que permiten identificar inconformidades con el servicio | H76: PQRD o Tutelas procedentes a cargo del proveedor en el periodo | I76: PQRD o tutelas procedentes a cargo del proveedor en el periodo | J76: Reporte PQRD y tutelas grupo GISAT del periodo evaluado | K76: N/A | L76: N/A | M76: Número de PQRD procedente para el asegurado | N76: 0 | O76: Trimestral | P76: Descendente | Q76: Ninguna | R76: *El proveedor tiene el compromiso de apoyar la respuesta de las PQRD que le sean escaladas máximo dentro de los plazos contractualmente establecidos. *Las PQRD que no cuenten con apoyo de respuesta se tomarán como procedentes. | S76: Ninguna | T76: Supervisor y/o interventoria designada. | U76: Todos los REPS | V76: TODOS LOS PROVEEDORES | W76: ALL | X76: TODOS
A77: Gestión | B77: Oportunidad | C77: Oportunidad en la entrega de material de osteosíntesis | D77: Apartir de suscripcion del acuerdo del indicador con el prestador | E77: N/A | F77: I.C.118 | G77: Medir la oportunidad en el suminisitro del material de osteosintesis para los asegurados de la compañía. | H77: Número de autorizaciones entregadas completas según compromiso adquirido en tiempo por el proveedor *100 Número total de autorizaciones asignadas al proveedor. | I77: Número de autorizaciones entregadas completas según compromiso adquirido en tiempo por el proveedor *100 | J77: Soportes de las remisiones con fecha- hora -firma de recibido por parte de la IPS | K77: Número total de autorizaciones asignadas al proveedor. | L77: Reporte de autorizaciones de la herramienta tecnologica designada por la compañía. | M77: Porcentaje | N77: 0.98 | O77: Trimestral | P77: Ascendente | Q77: *La oportunidad de la entrega se validará de acuerdo a los tiempos definidos y compromiso de entrega. *El proveedor entregará el 100% de los soportes de las remisiones con fecha- hora -firma de recibido por parte de la IPS atendidos en el periodo evaluado. | R77: Muestra: Se realizara la validacion del 100% de la autorizaciones asignadas en el periodo a evaluar. Metodología denominador: 1.Se revisará en la herramienta tecnologíca todas las autorizaciones asignadas al proveedor. 2.Se excluiran de la medicion las autorizaciones que cumplan con los criterios definidos como exclusión. Metodología numerador: 1. Se revisará en la herramienta tecnologíca que todas las autorizaciones cuenten con lo definido en el indicador(Observaciones) segun aplique. | S77: • Situación especial que genere un impedimento de entrega oportuna del material correspondiente, con evidencia de reporte. • Autorización anulada, siempre y cuando el motivo de la anulación no sea por inoportunidad de entrega del material. • Autorización Anulada por vencimiento. • Médico/IPS, no aceptan el material entregado por el proveedor. (calidad del material) • Proveedor entrega el material, sin embargo, no es utilizado en el procedimiento quirúrgico. • Pendiente programación de cirugía. • Motivos de fuerza mayor. (mediante reporte mensual definiendo los criterios de no cumplimiento) • En los casos donde el médico cirujano ordene material de osteosíntesis adicional al autorizado posterior a la entrega por parte del proveedor de lo autorizado inicialmente | T77: Supervisor y/o interventoria designada. | U77: OEM06 | V77: MATERIAL DE OSTEOSINTESIS | W77: POR TIPO | X77: MATERIAL DE OSTEOSINTESIS
A78: Gestión | B78: Oportunidad | C78: Autorizaciones anuladas por no disponibilidad del material | D78: Apartir de suscripcion del acuerdo del indicador con el prestador | E78: N/A | F78: I.C.121 | G78: Medir las fallas y reprocesamiento del servicio para los asegurados. | H78: Número de autorizaciones anuladas por no disponibilidad del material de osteosintesis | I78: Número de autorizaciones anuladas por no disponibilidad del material de osteosintesis | J78: Soportes de anulación de autorización es por no disponibilida Reporte de autorización es del Aplicativo Tecnológico designado por la compañía | K78: NA | L78: NA | M78: Número de autorizaciones anuladas por no disponibilidad del material de osteosintesis | N78: 1 | O78: Trimestral | P78: Descendente | Q78: No aplica. | R78: 1.Se realizara la validacion del 100% de la autorizaciones anuladas en el periodo a evaluar. 2.Se revisara la causal de anulación de acuerdo con lo registrado en la herramienta tecnologica. 3. Se identificaran los casos asociados a autorizaciones anuladas por no disponibilidad del material de osteosintesis y se aplicara la formula. | S78: *Anulación por no entrega o no disponibilidad de material a causa de desastres naturales. *Anulación por no entrega o no disponibilidad de material por Casos fortuitos y/o eventos de fuerza mayor. *Anulación por no entrega o no disponibilidad de material por Problemas de orden público. *Anulación por no entrega o no disponibilidad de material por Escasez de insumos por importación o materia prima escasa. *Anulación por no entrega o no disponibilidad de material por elemento no contratado dentro del portafolio de servicios. Para aplicación de una exclusión esta debe estar debidamente soportada por parte del proveedor, en caso de no contar con soportes no será tomado como exclusión. | T78: Supervisor y/o interventoria designada. | U78: AAM09 | V78: MATERIAL DE OSTEOSINTESIS | W78: POR TIPO | X78: MATERIAL DE OSTEOSINTESIS
A79: calidad | B79: Oportunidad | C79: Oportunidad de atención riesgo biologico | D79: Apartir de suscripcion del acuerdo del indicador con el prestador | E79: N/A | F79: I.C.125 | G79: Medir la oportuna gestion del proveedor para los asegurados de la compañía con el objetivo de dar inicio en la atención | H79: Número de casos contactados dentro de las 24 horas siguientes a la generación de la autorización paquete riesgo biológico evidenciado en el aplicativo cuida 2/ N° total de casos asignados al proveedor de riesgo biológico por el aplicativo Positiva Cuida 2 con generación paquete riesgo biológico | I79: Número de casos contactados dentro de las 24 horas siguientes a la generación de la autorización paquete riesgo biológico evidenciado en el aplicativo cuida 2.0 | J79: Aplicativo Positiva CUIDA 2/ consulta integral/ bitácora publica/gestión de autorizaciones | K79: N° total de casos asignados al proveedor de riesgo biológico por el aplicativo Positiva Cuida 2.0 con generación paquete riesgo biológico | L79: Aplicativo Positiva CUIDA 2/ consulta integral/ bitácora publica/gestión de autorizaciones | M79: Porcentaje | N79: 0.98 | O79: Trimestral | P79: Ascendente | Q79: • El seguimiento del 100% de los casos debe estar registrado en Positiva Cuida 2.0 • El proveedor solamente entrega medicamentos para Terapia antirretroviral e inmunológica | R79: 1.Se revisará en la herramienta tecnologíca todos los casos asignados al proveedor de riesgo biológico por el aplicativo Positiva Cuida 2.0 con generación paquete riesgo biológico 2.Se excluiran de la medicion las autorizaciones que cumplan con los criterios definidos como exclusión. 3. De acuerdo con los registrado en la herramienta tecnologica Cuida 2.0 se validaran el número de casos contactados dentro de las 24 horas siguientes a la generación de la autorización paquete riesgo biológico. 4. Se aplicara la formula definida. Nota2: Se entiende como"Número de casos contactados dentro de las 24 horas siguientes a la generación de la autorización paquete riesgo biológico evidenciado en el aplicativo cuida 2.0" a los pacientes que cuenten con: • Contacto inicial con el afiliado en las 24 horas siguientes al reporte del accidente o asignación del caso. • Valoración inicial, descripción del caso y definición de seguimiento a realizar. | S79: • Caso sin siniestro calificado. • Anulación de la autorización emitida para atención por paquete de riesgo biológico no atribuibles al proveedor. • tiempos prolongados en la captura de los casos asignados si se soportan daños o actualizaciones en el sistema de la ARL Positiva, fuente de información principal de los asegurados y gestión. • Los casos reasignados a otros proveedores serán excluidos siempre y cuando se soporte con la anulación del servicio(no atribuibles al proveedor). • Los asegurados que NO deseen ser atendidos por el proveedor deben ser retirados del total de las asignaciones autorizadas. | T79: Supervisor y/o interventoria designada. | U79: OTA10,420,712,731 | V79: RIESGO BIOLOGICO | W79: 901248158 | X79: 901248158
A80: calidad | B80: Oportunidad | C80: Oprtunidad de entrega y control terapia antirretroviral | D80: Apartir de suscripcion del acuerdo del indicador con el prestador | E80: N/A | F80: I.C.126 | G80: Medir la oportuna de entrega de profilaxis post exposición (PPE) a los asegurados de la compañía. | H80: Número de casos con entrega de profilaxis post exposición (PPE) dentro de las 72 horas posteriores a la asignación/Número total de casos autorizados que requieran profilaxis post exposición (PPE) en el periodo evaluado | I80: Número de casos con entrega de profilaxis post exposición (PPE) dentro de las 72 horas posteriores a la asignación | J80: Aplicativo Positiva CUIDA 2.0/ consulta integral/ bitácora pública. | K80: Número total de casos autorizados que requieran profilaxis post exposición (PPE) en el periodo evaluado | L80: Aplicativo Positiva CUIDA 2.0/ consulta integral/ bitácora pública. | M80: Porcentaje | N80: 1 | O80: Trimestral | P80: Ascendente | Q80: -OPORTUNIDAD ENTREGA DE TARV:Cumplimiento a los tiempos de entrega de terapia antirretroviral dentro de las primeras 72 horas (3 días), de acuerdo con los lineamientos establecidos para el manejo de la enfermedad. • Verificación de inicio de tratamiento profiláctico a los pacientes que aplique, con registro en bitácora CUIDA 2.0 (pacientes con riesgo alto de contraer Virus de Inmunodeficiencia Humana VIH), de acuerdo con protocolo de atención establecido por el proveedor de Riesgo Biológico derivado a los lineamientos Nacionales para el manejo de la enfermedad. | R80: 1.Se revisará en la herramienta tecnologíca todos los casos autorizados que requieran profilaxis post exposición (PPE) en el periodo evaluado 2.Se excluiran de la medicion las autorizaciones que cumplan con los criterios definidos como exclusión. 3. De acuerdo con los registrado en la herramienta tecnologica Cuida 2.0 se validara el número de casos con entrega de profilaxis post exposición (PPE) dentro de las 72 horas posteriores a la asignación. 4. Se aplicara la formula definida. | S80: • Anulación de la autorización emitida no atribuibles al proveedor. • tiempos prolongados en la captura de los casos asignados si se soportan daños o actualizaciones en el sistema de la ARL Positiva, fuente de información principal de los asegurados y gestión. • Los casos reasignados a otros proveedores serán excluidos siempre y cuando se soporte con la anulación del servicio(no atribuibles al proveedor). • Los asegurados que NO deseen ser atendidos por el proveedor deben ser retirados del total de las asignaciones autorizadas. • Terapias entregadas en el servicio de urgencias, TARV | T80: Supervisor y/o interventoria designada. | U80: CCC11,420,712,731 | V80: RIESGO BIOLOGICO | W80: 901248158 | X80: 901248158
A81: Calidad | B81: Seguridad | C81: Tasa de Incidencia de Neumonía Asociada a Ventilador Mecánico | D81: Apartir de suscripcion del acuerdo del indicador con el prestador | E81: P.2.1 | F81: I.C.04 | G81: Es un estimador del riesgo de materialización de eventos adversos asociados a la estancia y atención intrahospitalaria, de igual forma a las posibles complicaciones que se pueden registrar durante la atención en el servicio de urgencias | H81: (Numero de neumonías asociadas a ventilador nuevas en la UCI/Numero de dias ventilador mecánico en UCI )* 1000 días de ventilador | I81: Numero de neumonías asociadas a ventilador nuevas en la UCI * 1000 días de ventilador | J81: Reporte remitido por los prestadores de servicios de acuerdo a lo establecido por la Resolución 256 de 2016 | K81: Numero de dias ventilador mecánico en UCI | L81: Reporte remitido por los prestadores de servicios de acuerdo a lo establecido por la Resolución 256 de 2016 | M81: Por 1000 días de ventilador | N81: 0:1.000 | O81: Trimestral | P81: Descendente | Q81: · Neumonía Asociada a Ventilación mecánica “Sólo aplica para Uci adulto, Uci pediátrica, UCI neonatal | R81: La firma de interventoria o supervisor solicita a los proveedores de prestaciones de servicios de salud con los cuales se tiene contrato vigente, el reporte de los datos reelacionados con este indicador respecto a los asegurados de Positiva que registran atenciones de este servicio en el periodo evaluado. | S81: Ninguna | T81: Supervisor y/o interventoria designada. | U81: 129 | V81: IPS | W81: 129 | X81: REPS HABILITADO
A82: Calidad | B82: Seguridad | C82: Tasa de Incidencia de Neumonía Asociada a Ventilador Mecánico | D82: Apartir de suscripcion del acuerdo del indicador con el prestador | E82: P.2.1 | F82: I.C.05 | G82: Es un estimador del riesgo de materialización de eventos adversos asociados a la estancia y atención intrahospitalaria, de igual forma a las posibles complicaciones que se pueden registrar durante la atención en el servicio de urgencias | H82: (Numero de neumonías asociadas a ventilador nuevas en la UCI/Numero de dias ventilador mecánico en UCI )* 1000 días de ventilador | I82: Numero de neumonías asociadas a ventilador nuevas en la UCI * 1000 días de ventilador | J82: Reporte remitido por los prestadores de servicios de acuerdo a lo establecido por la Resolución 256 de 2016 | K82: Numero de dias ventilador mecánico en UCI | L82: Reporte remitido por los prestadores de servicios de acuerdo a lo establecido por la Resolución 256 de 2016 | M82: Por 1000 días de ventilador | N82: 0:1.000 | O82: Trimestral | P82: Descendente | Q82: · Neumonía Asociada a Ventilación mecánica “Sólo aplica para Uci adulto, Uci pediátrica, UCI neonatal | R82: La firma de interventoria o supervisor solicita a los proveedores de prestaciones de servicios de salud con los cuales se tiene contrato vigente, el reporte de los datos reelacionados con este indicador respecto a los asegurados de Positiva que registran atenciones de este servicio en el periodo evaluado. | S82: Ninguna | T82: Supervisor y/o interventoria designada. | U82: 133 | V82: IPS | W82: 133 | X82: REPS HABILITADO
A83: Calidad | B83: Seguridad | C83: Tasa de Incidencia de Infección del Tracto Urinario Asociada a Catéter (ISTU-AC) | D83: Apartir de suscripcion del acuerdo del indicador con el prestador | E83: P.2.2 | F83: I.C.06 | G83: Es un estimador del riesgo de materialización de eventos adversos asociados a la estancia y atención intrahospitalaria | H83: (Sumatoria de los casos nuevos de infección del tracto urinario asociada a cateter (ISTU-AC) en UCI (adulto y pediatrica)/Número de dias cateter urinario en UCI (adulto y pediatrica))*1000 | I83: Sumatoria de los casos nuevos de infección del tracto urinario asociada a cateter (ISTU-AC) en UCI (adulto y pediatrica) | J83: Reporte remitido por los prestadores de servicios de acuerdo a lo establecido por la Resolución 256 de 2016 | K83: Número de dias cateter urinario en UCI (adulto y pediatrica) | L83: Reporte remitido por los prestadores de servicios de acuerdo a lo establecido por la Resolución 256 de 2016 | M83: Por 1000 días de cateter urinario | N83: 0:1.000 | O83: Trimestral | P83: Descendente | Q83: · Infección del Tracto urinario Asociado a Catéter “Sólo aplica para Uci adulto, Uci pediátrica” | R83: La firma de interventoria o supervisor solicita a los proveedores de prestaciones de servicios de salud con los cuales se tiene contrato vigente, el reporte de los datos reelacionados con este indicador respecto a los asegurados de Positiva que registran atenciones de este servicio en el periodo evaluado. | S83: Ninguna | T83: Supervisor y/o interventoria designada. | U83: 1102 | V83: IPS | W83: 1102 | X83: REPS HABILITADO
A84: Calidad | B84: Seguridad | C84: Tasa de Incidencia de Infección del Tracto Urinario Asociada a Catéter (ISTU-AC) | D84: Apartir de suscripcion del acuerdo del indicador con el prestador | E84: P.2.2 | F84: I.C.07 | G84: Es un estimador del riesgo de materialización de eventos adversos asociados a la estancia y atención intrahospitalaria | H84: (Sumatoria de los casos nuevos de infección del tracto urinario asociada a cateter (ISTU-AC) en UCI (adulto y pediatrica)/Número de dias cateter urinario en UCI (adulto y pediatrica))*1000 | I84: Sumatoria de los casos nuevos de infección del tracto urinario asociada a cateter (ISTU-AC) en UCI (adulto y pediatrica) | J84: Reporte remitido por los prestadores de servicios de acuerdo a lo establecido por la Resolución 256 de 2016 | K84: Número de dias cateter urinario en UCI (adulto y pediatrica) | L84: Reporte remitido por los prestadores de servicios de acuerdo a lo establecido por la Resolución 256 de 2016 | M84: Por 1000 días de cateter urinario | N84: 0:1.000 | O84: Trimestral | P84: Descendente | Q84: · Infección del Tracto urinario Asociado a Catéter “Sólo aplica para Uci adulto, Uci pediátrica” | R84: La firma de interventoria o supervisor solicita a los proveedores de prestaciones de servicios de salud con los cuales se tiene contrato vigente, el reporte de los datos reelacionados con este indicador respecto a los asegurados de Positiva que registran atenciones de este servicio en el periodo evaluado. | S84: Ninguna | T84: Supervisor y/o interventoria designada. | U84: 129 | V84: IPS | W84: 129 | X84: REPS HABILITADO
A85: Calidad | B85: Seguridad | C85: Tasa de Incidencia de Infección del Torrente Sanguíneo Asociada a Catéter (ITS- AC) | D85: Apartir de suscripcion del acuerdo del indicador con el prestador | E85: P.2.3 | F85: I.C.08 | G85: Es un estimador del riesgo de materialización de eventos adversos asociados a la estancia y atención intrahospitalaria | H85: (Sumatoria de casos nuevos de Infección del Torrente Sanguíneo Asociada a Catéter (ITS- AC) en UCI (Adulto y Pediátrica y Neonatal) /Número de dias cateter central UCI (Adulto y Pediátrica y Neonatal) *1000 | I85: Sumatoria de casos nuevos de Infección del Torrente Sanguíneo Asociada a Catéter (ITS- AC) en UCI (Adulto y Pediátrica y Neonatal) | J85: Reporte remitido por los prestadores de servicios de acuerdo a lo establecido por la Resolución 256 de 2016 | K85: Número de dias cateter central UCI (Adulto y Pediátrica y Neonatal) | L85: Reporte remitido por los prestadores de servicios de acuerdo a lo establecido por la Resolución 256 de 2016 | M85: Por 1000 días de cateter central | N85: 0:1.000 | O85: Trimestral | P85: Descendente | Q85: · Infección torrente sanguíneo Asociada a Catéter “Sólo aplica para Uci adulto, Uci pediátrica, UCI neonatal” | R85: La firma de interventoria o supervisor solicita a los proveedores de prestaciones de servicios de salud con los cuales se tiene contrato vigente, el reporte de los datos reelacionados con este indicador respecto a los asegurados de Positiva que registran atenciones de este servicio en el periodo evaluado. | S85: Ninguna | T85: Supervisor y/o interventoria designada. | U85: 129 | V85: IPS | W85: 129 | X85: REPS HABILITADO
A86: Calidad | B86: Seguridad Evento Adverso | C86: Tasa de caída de pacientes en el servicio de hospitalización | D86: Apartir de suscripcion del acuerdo del indicador con el prestador | E86: P.2.6 | F86: I.C.09 | G86: Es un estimador del riesgo de materialización de eventos adversos asociados a la estancia y atención intrahospitalaria, de igual forma a las posibles complicaciones que se pueden registrar durante la atención en el servicio de urgencias | H86: (Número total de pacientes hospitalizados que sufren caídas/Sumatoria de dias de estancia de los pacientes en los servicios de hospitalización)*1000 | I86: Número total de pacientes hospitalizados que sufren caídas | J86: Reporte remitido por los prestadores de servicios de acuerdo a lo establecido por la Resolución 256 de 2016 | K86: Sumatoria de dias de estancia de los pacientes en los servicios de hospitalización | L86: Reporte remitido por los prestadores de servicios de acuerdo a lo establecido por la Resolución 256 de 2016 | M86: Por 1000 días de estancia | N86: 0:1.000 | O86: Trimestral | P86: Descendente | Q86: · Caída de pacientes en hospitalización “Aplica para IPS, no aplica para los servicios de transporte especial de pacientes” | R86: La firma de interventoria o supervisor solicita a los proveedores de prestaciones de servicios de salud con los cuales se tiene contrato vigente, el reporte de los datos reelacionados con este indicador respecto a los asegurados de Positiva que registran atenciones de este servicio en el periodo evaluado. | S86: Solo aplica para eventos determinados como evento adverso | T86: Supervisor y/o interventoria designada. | U86: 129 | V86: IPS | W86: 129 | X86: REPS HABILITADO
A87: Calidad | B87: Seguridad Evento Adverso | C87: Tasa de caída de pacientes en el servicio de hospitalización | D87: Apartir de suscripcion del acuerdo del indicador con el prestador | E87: P.2.6 | F87: I.C.10 | G87: Es un estimador del riesgo de materialización de eventos adversos asociados a la estancia y atención intrahospitalaria, de igual forma a las posibles complicaciones que se pueden registrar durante la atención en el servicio de urgencias | H87: (Número total de pacientes hospitalizados que sufren caídas/Sumatoria de dias de estancia de los pacientes en los servicios de hospitalización)*1000 | I87: Número total de pacientes hospitalizados que sufren caídas | J87: Reporte remitido por los prestadores de servicios de acuerdo a lo establecido por la Resolución 256 de 2016 | K87: Sumatoria de dias de estancia de los pacientes en los servicios de hospitalización | L87: Reporte remitido por los prestadores de servicios de acuerdo a lo establecido por la Resolución 256 de 2016 | M87: Por 1000 días de estancia | N87: 0:1.000 | O87: Trimestral | P87: Descendente | Q87: · Caída de pacientes en hospitalización “Aplica para IPS, no aplica para los servicios de transporte especial de pacientes” | R87: La firma de interventoria o supervisor solicita a los proveedores de prestaciones de servicios de salud con los cuales se tiene contrato vigente, el reporte de los datos reelacionados con este indicador respecto a los asegurados de Positiva que registran atenciones de este servicio en el periodo evaluado. | S87: Solo aplica para eventos determinados como evento adverso | T87: Supervisor y/o interventoria designada. | U87: 131 | V87: IPS | W87: 131 | X87: REPS HABILITADO
A88: Calidad | B88: Seguridad Evento Adverso | C88: Tasa de caída de pacientes en el servicio de urgencias | D88: Apartir de suscripcion del acuerdo del indicador con el prestador | E88: P.2.7 | F88: I.C.11 | G88: Es un estimador del riesgo de materialización de eventos adversos asociados a la estancia y atención intrahospitalaria, de igual forma a las posibles complicaciones que se pueden registrar durante la atención en el servicio de urgencias | H88: (Número total de pacientes atendidos en urgencias que sufren caídas en el período/Total de personas atendidas en urgencias en el periodo)*1000 | I88: Número total de pacientes atendidos en urgencias que sufren caídas en el período | J88: Reporte remitido por los prestadores de servicios de acuerdo a lo establecido por la Resolución 256 de 2016 | K88: Total de personas atendidas en urgencias en el periodo | L88: Reporte remitido por los prestadores de servicios de acuerdo a lo establecido por la Resolución 256 de 2016 | M88: Por 1000 personas atendidas en urgencias | N88: 0:1.000 | O88: Trimestral | P88: Descendente | Q88: · Caída de pacientes en el servicio de urgencias “Aplica para IPS, no aplica para los servicios de transporte especial de pacientes | R88: La firma de interventoria o supervisor solicita a los proveedores de prestaciones de servicios de salud con los cuales se tiene contrato vigente, el reporte de los datos reelacionados con este indicador respecto a los asegurados de Positiva que registran atenciones de este servicio en el periodo evaluado. | S88: Solo aplica para eventos determinados como evento adverso | T88: Supervisor y/o interventoria designada. | U88: 1102 | V88: IPS | W88: 1102 | X88: REPS HABILITADO
A89: Calidad | B89: Seguridad Evento Adverso | C89: Tasa de caída de pacientes en el servicio de consulta externa | D89: Apartir de suscripcion del acuerdo del indicador con el prestador | E89: P.2.8 | F89: I.C.12 | G89: Es un estimador del riesgo de materialización de eventos adversos asociados a la estancia y atención intrahospitalaria, de igual forma a las posibles complicaciones que se pueden registrar durante la atención en el servicio de urgencias | H89: (Número total de pacientes atendidos en consulta externa que sufren caídas en el período/Total de personas atendidas en consulta externa)*1000 | I89: Número total de pacientes atendidos en consulta externa que sufren caídas en el período | J89: Reporte remitido por los prestadores de servicios de acuerdo a lo establecido por la Resolución 256 de 2016 | K89: Total de personas atendidas en consulta externa | L89: Reporte remitido por los prestadores de servicios de acuerdo a lo establecido por la Resolución 256 de 2016 | M89: Por 1000 personas atendidas en consulta externa | N89: 0:1.000 | O89: Trimestral | P89: Descendente | Q89: · Caída de pacientes en el servicio de consulta externa “Aplica para IPS, no aplica para los servicios de transporte especial de pacientes” | R89: La firma de interventoria o supervisor solicita a los proveedores de prestaciones de servicios de salud con los cuales se tiene contrato vigente, el reporte de los datos reelacionados con este indicador respecto a los asegurados de Positiva que registran atenciones de este servicio en el periodo evaluado. | S89: Solo aplica para eventos determinados como evento adverso | T89: Supervisor y/o interventoria designada. | U89: EAI01 | V89: IPS | W89: CATEGORIA CUENTAS MEDICAS | X89: EXECTO
A90: Calidad | B90: Seguridad Evento Adverso | C90: Tasa de caída de pacientes en el servicio de Apoyo Diagnóstico y Complementación Terapéutica | D90: Apartir de suscripcion del acuerdo del indicador con el prestador | E90: P.2.9 | F90: I.C.13 | G90: Es un estimador del riesgo de materialización de eventos adversos asociados a la estancia y atención intrahospitalaria, de igual forma a las posibles complicaciones que se pueden registrar durante la atención en el servicio de urgencias. | H90: (Número total de pacientes atendidos en el servicio de apoyo diagnóstico y complementación terapéutica que sufren caídas/Total de personas atendidas en el servicio de apoyo diagnóstico y complementación terapéutica)*1000 | I90: Número total de pacientes atendidos en el servicio de apoyo diagnóstico y complementación terapéutica que sufren caídas | J90: Reporte remitido por los prestadores de servicios de acuerdo a lo establecido por la Resolución 256 de 2016 | K90: Total de personas atendidas en el servicio de apoyo diagnóstico y complementación terapéutica | L90: Reporte remitido por los prestadores de servicios de acuerdo a lo establecido por la Resolución 256 de 2016 | M90: Por 1000 personas atendidas en Apoyo Diagnóstico y Complementación Terapéutica | N90: 0:1.000 | O90: Trimestral | P90: Descendente | Q90: · Caída de pacientes en el servicio de apoyo diagnóstico y complementación terapéutica “Aplica para IPS, no aplica para los servicios de transporte especial de pacientes” | R90: La firma de interventoria o supervisor solicita a los proveedores de prestaciones de servicios de salud con los cuales se tiene contrato vigente, el reporte de los datos reelacionados con este indicador respecto a los asegurados de Positiva que registran atenciones de este servicio en el periodo evaluado. | S90: Solo aplica para eventos determinados como evento adverso | T90: Supervisor y/o interventoria designada. | U90: 744 | V90: IPS | W90: 744 | X90: REPS HABILITADO
A91: Calidad | B91: Seguridad Evento Adverso | C91: Proporción de eventos adversos relacionados con la administración de medicamentos en hospitalización y/o urgencias | D91: Apartir de suscripcion del acuerdo del indicador con el prestador | E91: P.2.10- P.2.11 | F91: I.C.15 | G91: Es un estimador del riesgo de materialización de eventos adversos asociados a la estancia y atención intrahospitalaria, de igual forma a las posibles complicaciones que se pueden registrar durante la atención en el servicio de urgencias | H91: (Número de eventos adversos relacionados con la administración de medicamentos en hospitalización – urgencias/Sumatoria de egresos de hospitalización y personas atendidas en urgencias)* 100 | I91: Número de eventos adversos relacionados con la administración de medicamentos en hospitalización – urgencias | J91: Reporte remitido por los prestadores de servicios de acuerdo a lo establecido por la Resolución 256 de 2016 | K91: Sumatoria de egresos de hospitalización y personas atendidas en urgencias | L91: Reporte remitido por los prestadores de servicios de acuerdo a lo establecido por la Resolución 256 de 2016 | M91: Porcentaje | N91: 0 | O91: Trimestral | P91: Descendente | Q91: · Eventos adversos relacionados con la administración de medicamentos en hospitalización – urgencias “Para este indicador el evento adverso solo corresponde a la etapa de administración de medicamentos. Aplica sólo para IPS” | R91: La firma de interventoria o supervisor solicita a los proveedores de prestaciones de servicios de salud con los cuales se tiene contrato vigente, el reporte de los datos reelacionados con este indicador respecto a los asegurados de Positiva que registran atenciones de este servicio en el periodo evaluado. | S91: Solo aplica para eventos determinados como evento adverso | T91: Supervisor y/o interventoria designada. | U91: 1102 | V91: IPS | W91: 1102 | X91: REPS HABILITADO
A92: Calidad | B92: Seguridad Evento Adverso | C92: Proporción de eventos adversos relacionados con la administración de medicamentos en hospitalización y/o urgencias | D92: Apartir de suscripcion del acuerdo del indicador con el prestador | E92: P.2.10- P.2.11 | F92: I.C.16 | G92: Es un estimador del riesgo de materialización de eventos adversos asociados a la estancia y atención intrahospitalaria, de igual forma a las posibles complicaciones que se pueden registrar durante la atención en el servicio de urgencias | H92: (Número de eventos adversos relacionados con la administración de medicamentos en hospitalización – urgencias/Sumatoria de egresos de hospitalización y personas atendidas en urgencias)* 100 | I92: Número de eventos adversos relacionados con la administración de medicamentos en hospitalización – urgencias | J92: Reporte remitido por los prestadores de servicios de acuerdo a lo establecido por la Resolución 256 de 2016 | K92: Sumatoria de egresos de hospitalización y personas atendidas en urgencias | L92: Reporte remitido por los prestadores de servicios de acuerdo a lo establecido por la Resolución 256 de 2016 | M92: Porcentaje | N92: 0 | O92: Trimestral | P92: Descendente | Q92: · Eventos adversos relacionados con la administración de medicamentos en hospitalización – urgencias “Para este indicador el evento adverso solo corresponde a la etapa de administración de medicamentos. Aplica sólo para IPS” | R92: La firma de interventoria o supervisor solicita a los proveedores de prestaciones de servicios de salud con los cuales se tiene contrato vigente, el reporte de los datos reelacionados con este indicador respecto a los asegurados de Positiva que registran atenciones de este servicio en el periodo evaluado. | S92: Solo aplica para eventos determinados como evento adverso | T92: Supervisor y/o interventoria designada. | U92: 129 | V92: IPS | W92: 129 | X92: REPS HABILITADO
A93: Calidad | B93: Seguridad Evento Adverso | C93: Proporción de eventos adversos relacionados con la administración de medicamentos en hospitalización y/o urgencias | D93: Apartir de suscripcion del acuerdo del indicador con el prestador | E93: P.2.10- P.2.11 | F93: I.C.17 | G93: Es un estimador del riesgo de materialización de eventos adversos asociados a la estancia y atención intrahospitalaria, de igual forma a las posibles complicaciones que se pueden registrar durante la atención en el servicio de urgencias | H93: (Número de eventos adversos relacionados con la administración de medicamentos en hospitalización – urgencias/Sumatoria de egresos de hospitalización y personas atendidas en urgencias)* 100 | I93: Número de eventos adversos relacionados con la administración de medicamentos en hospitalización – urgencias | J93: Reporte remitido por los prestadores de servicios de acuerdo a lo establecido por la Resolución 256 de 2016 | K93: Sumatoria de egresos de hospitalización y personas atendidas en urgencias | L93: Reporte remitido por los prestadores de servicios de acuerdo a lo establecido por la Resolución 256 de 2016 | M93: Porcentaje | N93: 0 | O93: Trimestral | P93: Descendente | Q93: · Eventos adversos relacionados con la administración de medicamentos en hospitalización – urgencias “Para este indicador el evento adverso solo corresponde a la etapa de administración de medicamentos. Aplica sólo para IPS” | R93: La firma de interventoria o supervisor solicita a los proveedores de prestaciones de servicios de salud con los cuales se tiene contrato vigente, el reporte de los datos reelacionados con este indicador respecto a los asegurados de Positiva que registran atenciones de este servicio en el periodo evaluado. | S93: Solo aplica para eventos determinados como evento adverso | T93: Supervisor y/o interventoria designada. | U93: 131 | V93: IPS | W93: 131 | X93: REPS HABILITADO
A94: Calidad | B94: Seguridad Evento Adverso | C94: Tasa de úlceras por presión | D94: Apartir de suscripcion del acuerdo del indicador con el prestador | E94: P.2.12 | F94: I.C.18 | G94: Es un estimador del riesgo de materialización de eventos adversos asociados a la estancia y atención intrahospitalaria | H94: (Número de pacientes que desarrollan úlceras por presión en hospitalización/Sumatoria de dias de estancia de los pacientes en los servicios de hospitalizacion)*1000 | I94: Número de pacientes que desarrollan úlceras por presión en hospitalización | J94: Reporte remitido por los prestadores de servicios de acuerdo a lo establecido por la Resolución 256 de 2016 | K94: Sumatoria de dias de estancia de los pacientes en los servicios de hospitalizacion | L94: Reporte remitido por los prestadores de servicios de acuerdo a lo establecido por la Resolución 256 de 2016 | M94: Por 1000 días paciente | N94: 0:1.000 | O94: Trimestral | P94: Descendente | Q94: Tasa de úlceras por presión “No aplica con diagnostico principal de ulcera por presión o diagnostico secundario presente al ingreso- Pacientes con diagnóstico de hemiplejia, paraplejia y tetraplejia o con diagnóstico de espina bífida o daño cerebral por anoxia. Aplica para IPS y no aplica para los servicios de transporte especial de pacientes | R94: La firma de interventoria o supervisor solicita a los proveedores de prestaciones de servicios de salud con los cuales se tiene contrato vigente, el reporte de los datos reelacionados con este indicador respecto a los asegurados de Positiva que registran atenciones de este servicio en el periodo evaluado. | S94: Solo aplica para eventos determinados como evento adverso | T94: Supervisor y/o interventoria designada. | U94: 107 | V94: IPS | W94: 107 | X94: REPS HABILITADO
A95: Calidad | B95: Seguridad Evento Adverso | C95: Tasa de úlceras por presión | D95: Apartir de suscripcion del acuerdo del indicador con el prestador | E95: P.2.12 | F95: I.C.19 | G95: Es un estimador del riesgo de materialización de eventos adversos asociados a la estancia y atención intrahospitalaria | H95: (Número de pacientes que desarrollan úlceras por presión en hospitalización/Sumatoria de dias de estancia de los pacientes en los servicios de hospitalizacion)*1000 | I95: Número de pacientes que desarrollan úlceras por presión en hospitalización | J95: Reporte remitido por los prestadores de servicios de acuerdo a lo establecido por la Resolución 256 de 2016 | K95: Sumatoria de dias de estancia de los pacientes en los servicios de hospitalizacion | L95: Reporte remitido por los prestadores de servicios de acuerdo a lo establecido por la Resolución 256 de 2016 | M95: Por 1000 días paciente | N95: 0:1.000 | O95: Trimestral | P95: Descendente | Q95: Tasa de úlceras por presión “No aplica con diagnostico principal de ulcera por presión o diagnostico secundario presente al ingreso- Pacientes con diagnóstico de hemiplejia, paraplejia y tetraplejia o con diagnóstico de espina bífida o daño cerebral por anoxia. Aplica para IPS y no aplica para los servicios de transporte especial de pacientes | R95: La firma de interventoria o supervisor solicita a los proveedores de prestaciones de servicios de salud con los cuales se tiene contrato vigente, el reporte de los datos reelacionados con este indicador respecto a los asegurados de Positiva que registran atenciones de este servicio en el periodo evaluado. | S95: Solo aplica para eventos determinados como evento adverso | T95: Supervisor y/o interventoria designada. | U95: 110 | V95: IPS | W95: 110 | X95: REPS HABILITADO
A96: Calidad | B96: Seguridad Evento Adverso | C96: Tasa de úlceras por presión | D96: Apartir de suscripcion del acuerdo del indicador con el prestador | E96: P.2.12 | F96: I.C.20 | G96: Es un estimador del riesgo de materialización de eventos adversos asociados a la estancia y atención intrahospitalaria | H96: (Número de pacientes que desarrollan úlceras por presión en hospitalización/Sumatoria de dias de estancia de los pacientes en los servicios de hospitalizacion)*1000 | I96: Número de pacientes que desarrollan úlceras por presión en hospitalización | J96: Reporte remitido por los prestadores de servicios de acuerdo a lo establecido por la Resolución 256 de 2016 | K96: Sumatoria de dias de estancia de los pacientes en los servicios de hospitalizacion | L96: Reporte remitido por los prestadores de servicios de acuerdo a lo establecido por la Resolución 256 de 2016 | M96: Por 1000 días paciente | N96: 0:1.000 | O96: Trimestral | P96: Descendente | Q96: Tasa de úlceras por presión “No aplica con diagnostico principal de ulcera por presión o diagnostico secundario presente al ingreso- Pacientes con diagnóstico de hemiplejia, paraplejia y tetraplejia o con diagnóstico de espina bífida o daño cerebral por anoxia. Aplica para IPS y no aplica para los servicios de transporte especial de pacientes | R96: La firma de interventoria o supervisor solicita a los proveedores de prestaciones de servicios de salud con los cuales se tiene contrato vigente, el reporte de los datos reelacionados con este indicador respecto a los asegurados de Positiva que registran atenciones de este servicio en el periodo evaluado. | S96: Solo aplica para eventos determinados como evento adverso | T96: Supervisor y/o interventoria designada. | U96: 129 | V96: IPS | W96: 129 | X96: REPS HABILITADO
A97: Calidad | B97: Seguridad | C97: Tasa de reingreso de pacientes hospitalizados en menos de 15 días | D97: Apartir de suscripcion del acuerdo del indicador con el prestador | E97: P.2.14 | F97: I.C.21 | G97: Expresa la tasa de reingresos de pacientes hospitalizados en menos de 15 días, en un periodo determinado. | H97: (Número de pacientes que reingresan al servicio de hospitalización, en la misma institución antes de 15 días por el mismo diagnóstico de egreso/Número total de egresos vivos atendidos en el servicio de hospitalización)*1000 | I97: Número de pacientes que reingresan al servicio de hospitalización, en la misma institución antes de 15 días por el mismo diagnóstico de egreso | J97: Reporte remitido por los prestadores de servicios de acuerdo a lo establecido por la Resolución 256 de 2016 | K97: Número total de egresos vivos atendidos en el servicio de hospitalización | L97: Reporte remitido por los prestadores de servicios de acuerdo a lo establecido por la Resolución 256 de 2016 | M97: Por 1000 egresos | N97: 20:1.000 | O97: Trimestral | P97: Descendente | Q97: Aplica a las IPS y no aplica para los servicios de Transporte Especial de pacientes | R97: La firma de interventoria o supervisor solicita a los proveedores de prestaciones de servicios de salud con los cuales se tiene contrato vigente, el reporte de los datos reelacionados con este indicador respecto a los asegurados de Positiva que registran atenciones de este servicio en el periodo evaluado. | S97: Ninguna | T97: Supervisor y/o interventoria designada. | U97: 133 | V97: IPS | W97: 133 | X97: REPS HABILITADO
A98: Calidad | B98: Seguridad | C98: Tasa de reingreso de pacientes hospitalizados en menos de 15 días | D98: Apartir de suscripcion del acuerdo del indicador con el prestador | E98: P.2.14 | F98: I.C.22 | G98: Expresa la tasa de reingresos de pacientes hospitalizados en menos de 15 días, en un periodo determinado. | H98: (Número de pacientes que reingresan al servicio de hospitalización, en la misma institución antes de 15 días por el mismo diagnóstico de egreso/Número total de egresos vivos atendidos en el servicio de hospitalización)*1000 | I98: Número de pacientes que reingresan al servicio de hospitalización, en la misma institución antes de 15 días por el mismo diagnóstico de egreso | J98: Reporte remitido por los prestadores de servicios de acuerdo a lo establecido por la Resolución 256 de 2016 | K98: Número total de egresos vivos atendidos en el servicio de hospitalización | L98: Reporte remitido por los prestadores de servicios de acuerdo a lo establecido por la Resolución 256 de 2016 | M98: Por 1000 egresos | N98: 20:1.000 | O98: Trimestral | P98: Descendente | Q98: Aplica a las IPS y no aplica para los servicios de Transporte Especial de pacientes | R98: La firma de interventoria o supervisor solicita a los proveedores de prestaciones de servicios de salud con los cuales se tiene contrato vigente, el reporte de los datos reelacionados con este indicador respecto a los asegurados de Positiva que registran atenciones de este servicio en el periodo evaluado. | S98: Ninguna | T98: Supervisor y/o interventoria designada. | U98: 134 | V98: IPS | W98: 134 | X98: REPS HABILITADO
A99: Calidad | B99: Seguridad | C99: Tasa de reingreso de pacientes hospitalizados en menos de 15 días | D99: Apartir de suscripcion del acuerdo del indicador con el prestador | E99: P.2.14 | F99: I.C.23 | G99: Expresa la tasa de reingresos de pacientes hospitalizados en menos de 15 días, en un periodo determinado. | H99: (Número de pacientes que reingresan al servicio de hospitalización, en la misma institución antes de 15 días por el mismo diagnóstico de egreso/Número total de egresos vivos atendidos en el servicio de hospitalización)*1000 | I99: Número de pacientes que reingresan al servicio de hospitalización, en la misma institución antes de 15 días por el mismo diagnóstico de egreso | J99: Reporte remitido por los prestadores de servicios de acuerdo a lo establecido por la Resolución 256 de 2016 | K99: Número total de egresos vivos atendidos en el servicio de hospitalización | L99: Reporte remitido por los prestadores de servicios de acuerdo a lo establecido por la Resolución 256 de 2016 | M99: Por 1000 egresos | N99: 20:1.000 | O99: Trimestral | P99: Descendente | Q99: Aplica a las IPS y no aplica para los servicios de Transporte Especial de pacientes | R99: La firma de interventoria o supervisor solicita a los proveedores de prestaciones de servicios de salud con los cuales se tiene contrato vigente, el reporte de los datos reelacionados con este indicador respecto a los asegurados de Positiva que registran atenciones de este servicio en el periodo evaluado. | S99: Ninguna | T99: Supervisor y/o interventoria designada. | U99: 135 | V99: IPS | W99: 135 | X99: REPS HABILITADO
A100: Calidad | B100: Seguridad | C100: Tasa de reingreso de pacientes hospitalizados en menos de 15 días | D100: Apartir de suscripcion del acuerdo del indicador con el prestador | E100: P.2.14 | F100: I.C.24 | G100: Expresa la tasa de reingresos de pacientes hospitalizados en menos de 15 días, en un periodo determinado. | H100: (Número de pacientes que reingresan al servicio de hospitalización, en la misma institución antes de 15 días por el mismo diagnóstico de egreso/Número total de egresos vivos atendidos en el servicio de hospitalización)*1000 | I100: Número de pacientes que reingresan al servicio de hospitalización, en la misma institución antes de 15 días por el mismo diagnóstico de egreso | J100: Reporte remitido por los prestadores de servicios de acuerdo a lo establecido por la Resolución 256 de 2016 | K100: Número total de egresos vivos atendidos en el servicio de hospitalización | L100: Reporte remitido por los prestadores de servicios de acuerdo a lo establecido por la Resolución 256 de 2016 | M100: Por 1000 egresos | N100: 20:1.000 | O100: Trimestral | P100: Descendente | Q100: Aplica a las IPS y no aplica para los servicios de Transporte Especial de pacientes | R100: La firma de interventoria o supervisor solicita a los proveedores de prestaciones de servicios de salud con los cuales se tiene contrato vigente, el reporte de los datos reelacionados con este indicador respecto a los asegurados de Positiva que registran atenciones de este servicio en el periodo evaluado. | S100: Ninguna | T100: Supervisor y/o interventoria designada. | U100: 107 | V100: IPS | W100: 107 | X100: REPS HABILITADO
A101: Calidad | B101: Seguridad | C101: Tasa de reingreso de pacientes hospitalizados en menos de 15 días | D101: Apartir de suscripcion del acuerdo del indicador con el prestador | E101: P.2.14 | F101: I.C.25 | G101: Expresa la tasa de reingresos de pacientes hospitalizados en menos de 15 días, en un periodo determinado. | H101: (Número de pacientes que reingresan al servicio de hospitalización, en la misma institución antes de 15 días por el mismo diagnóstico de egreso/Número total de egresos vivos atendidos en el servicio de hospitalización)*1000 | I101: Número de pacientes que reingresan al servicio de hospitalización, en la misma institución antes de 15 días por el mismo diagnóstico de egreso | J101: Reporte remitido por los prestadores de servicios de acuerdo a lo establecido por la Resolución 256 de 2016 | K101: Número total de egresos vivos atendidos en el servicio de hospitalización | L101: Reporte remitido por los prestadores de servicios de acuerdo a lo establecido por la Resolución 256 de 2016 | M101: Por 1000 egresos | N101: 20:1.000 | O101: Trimestral | P101: Descendente | Q101: Aplica a las IPS y no aplica para los servicios de Transporte Especial de pacientes | R101: La firma de interventoria o supervisor solicita a los proveedores de prestaciones de servicios de salud con los cuales se tiene contrato vigente, el reporte de los datos reelacionados con este indicador respecto a los asegurados de Positiva que registran atenciones de este servicio en el periodo evaluado. | S101: Ninguna | T101: Supervisor y/o interventoria designada. | U101: 110 | V101: IPS | W101: 110 | X101: REPS HABILITADO
A102: Calidad | B102: Seguridad | C102: Tasa de reingreso de pacientes hospitalizados en menos de 15 días | D102: Apartir de suscripcion del acuerdo del indicador con el prestador | E102: P.2.14 | F102: I.C.26 | G102: Expresa la tasa de reingresos de pacientes hospitalizados en menos de 15 días, en un periodo determinado. | H102: (Número de pacientes que reingresan al servicio de hospitalización, en la misma institución antes de 15 días por el mismo diagnóstico de egreso/Número total de egresos vivos atendidos en el servicio de hospitalización)*1000 | I102: Número de pacientes que reingresan al servicio de hospitalización, en la misma institución antes de 15 días por el mismo diagnóstico de egreso | J102: Reporte remitido por los prestadores de servicios de acuerdo a lo establecido por la Resolución 256 de 2016 | K102: Número total de egresos vivos atendidos en el servicio de hospitalización | L102: Reporte remitido por los prestadores de servicios de acuerdo a lo establecido por la Resolución 256 de 2016 | M102: Por 1000 egresos | N102: 20:1.000 | O102: Trimestral | P102: Descendente | Q102: Aplica a las IPS y no aplica para los servicios de Transporte Especial de pacientes | R102: La firma de interventoria o supervisor solicita a los proveedores de prestaciones de servicios de salud con los cuales se tiene contrato vigente, el reporte de los datos reelacionados con este indicador respecto a los asegurados de Positiva que registran atenciones de este servicio en el periodo evaluado. | S102: Ninguna | T102: Supervisor y/o interventoria designada. | U102: 129 | V102: IPS | W102: 129 | X102: REPS HABILITADO
A103: Calidad | B103: Seguridad | C103: Tasa de reingreso de pacientes hospitalizados en menos de 15 días | D103: Apartir de suscripcion del acuerdo del indicador con el prestador | E103: P.2.14 | F103: I.C.27 | G103: Expresa la tasa de reingresos de pacientes hospitalizados en menos de 15 días, en un periodo determinado. | H103: (Número de pacientes que reingresan al servicio de hospitalización, en la misma institución antes de 15 días por el mismo diagnóstico de egreso/Número total de egresos vivos atendidos en el servicio de hospitalización)*1000 | I103: Número de pacientes que reingresan al servicio de hospitalización, en la misma institución antes de 15 días por el mismo diagnóstico de egreso | J103: Reporte remitido por los prestadores de servicios de acuerdo a lo establecido por la Resolución 256 de 2016 | K103: Número total de egresos vivos atendidos en el servicio de hospitalización | L103: Reporte remitido por los prestadores de servicios de acuerdo a lo establecido por la Resolución 256 de 2016 | M103: Por 1000 egresos | N103: 20:1.000 | O103: Trimestral | P103: Descendente | Q103: Aplica a las IPS y no aplica para los servicios de Transporte Especial de pacientes | R103: La firma de interventoria o supervisor solicita a los proveedores de prestaciones de servicios de salud con los cuales se tiene contrato vigente, el reporte de los datos reelacionados con este indicador respecto a los asegurados de Positiva que registran atenciones de este servicio en el periodo evaluado. | S103: Ninguna | T103: Supervisor y/o interventoria designada. | U103: 131 | V103: IPS | W103: 131 | X103: REPS HABILITADO
A104: Calidad | B104: Seguridad | C104: Tasa de reingreso de pacientes hospitalizados en menos de 15 días | D104: Apartir de suscripcion del acuerdo del indicador con el prestador | E104: P.2.14 | F104: I.C.28 | G104: Expresa la tasa de reingresos de pacientes hospitalizados en menos de 15 días, en un periodo determinado. | H104: (Número de pacientes que reingresan al servicio de hospitalización, en la misma institución antes de 15 días por el mismo diagnóstico de egreso/Número total de egresos vivos atendidos en el servicio de hospitalización)*1000 | I104: Número de pacientes que reingresan al servicio de hospitalización, en la misma institución antes de 15 días por el mismo diagnóstico de egreso | J104: Reporte remitido por los prestadores de servicios de acuerdo a lo establecido por la Resolución 256 de 2016 | K104: Número total de egresos vivos atendidos en el servicio de hospitalización | L104: Reporte remitido por los prestadores de servicios de acuerdo a lo establecido por la Resolución 256 de 2016 | M104: Por 1000 egresos | N104: 20:1.000 | O104: Trimestral | P104: Descendente | Q104: Aplica a las IPS y no aplica para los servicios de Transporte Especial de pacientes | R104: La firma de interventoria o supervisor solicita a los proveedores de prestaciones de servicios de salud con los cuales se tiene contrato vigente, el reporte de los datos reelacionados con este indicador respecto a los asegurados de Positiva que registran atenciones de este servicio en el periodo evaluado. | S104: Ninguna | T104: Supervisor y/o interventoria designada. | U104: 132 | V104: IPS | W104: 132 | X104: REPS HABILITADO
A105: Calidad | B105: Seguridad | C105: Proporción de reingreso de pacientes al servicio de urgencias en menos de 72 horas | D105: Apartir de suscripcion del acuerdo del indicador con el prestador | E105: P.2.13 | F105: I.C.29 | G105: Expresa la proporción de pacientes atendidos en urgencias que reingresan a la misma Institución antes de las 72 horas con el mismo diagnóstico de egreso | H105: (Número de pacientes que reingresan al servicio de hospitalización, en la misma institución antes de 15 días por el mismo diagnóstico de egreso/Número total de egresos vivos atendidos en el servicio de hospitalización)*100 | I105: Número de pacientes que reingresan al servicio de urgencias en la misma institución antes de las 72 horas con el mismo diagnóstico de egreso | J105: Reporte remitido por los prestadores de servicios de acuerdo a lo establecido por la Resolución 256 de 2016 | K105: Número total de egresos vivos atendidos en el servicio de urgencias | L105: Reporte remitido por los prestadores de servicios de acuerdo a lo establecido por la Resolución 256 de 2016 | M105: Porcentaje | N105: <1% | O105: Trimestral | P105: Descendente | Q105: Aplica a las IPS y no aplica para los servicios de Transporte Especial de pacientes. Se de excluir el reingreso programado | R105: La firma de interventoria o supervisor solicita a los proveedores de prestaciones de servicios de salud con los cuales se tiene contrato vigente, el reporte de los datos reelacionados con este indicador respecto a los asegurados de Positiva que registran atenciones de este servicio en el periodo evaluado. | S105: Se excluyen los reingresos programados | T105: Supervisor y/o interventoria designada. | U105: 1102 | V105: IPS | W105: 1102 | X105: REPS HABILITADO
... A125: Gestión | B125: Oportunidad | C125: Oportunidad en la atención de terapias | D125: Apartir de suscripcion del acuerdo del indicador con el prestador | E125: N/A | F125: POR DEFINIR | G125: Medir la oportunidad en la asignación de las citas de terapias en el proceso de rehabilitanción del asegurado | H125: Sumatoria de días transcurridos entre la fecha de solicitud de terapias y la fecha para la cual es asignada / Número total de pacientes con autorización para terapia en el periodo | I125: Sumatoria de días transcurridos entre la fecha de solicitud de terapias y la fecha para la cual es asignada | J125: Aplicativo Cuida 2.0 Modulo de rehabilitación | K125: Número total de pacientes con autorización para terapia en el periodo | L125: Aplicativo Cuida 2.0- Modulo de Rehabilitación | M125: Días | N125: 2 días | O125: Trimestral | P125: Descendente | Q125: Ninguna | R125: Muestra: Tomar una muestra de confianza del 90% de los pacientes autorizados en el periodo a evaluar de acuerdo con el reporte de rehabilitación validando los casos en estado de matricula. 1.Se revisará en la herramienta tecnologíca(Modulo de rehabilitación) todas las autorizaciones asignadas al proveedor de la muestra tomada. 2.Se excluiran de la medicion las autorizaciones que cumplan con los criterios definidos como exclusión. 3. De acuerdo con las fechas resgistradas, se aplicara la formula del indicador. | S125: Los casos que no sean atribuibles al proveedor por ejemplo: *Se excluyen los casos con contacto fallido con el asegurado con registro en el modulo de rehabilitación de Cuida II de mínimo 3 llamadas en tiempos diferentes. *Se excluyen los casos de pacientes que no aceptan el servicio debidamente con registro en el modulo de rehabilitación de Cuida II. | T125: Supervisor y/o interventoria designada. | U125: POR DEFINIR | V125: ALIADO RHI | W125: CATEGORIA CUENTAS MEDICAS | X125: REHABILITACIÓN,REHABILITACIÓN-IPS ATENCIÓN DOMICILIARIA
A126: Calidad | B126: calidad | C126: Efectividad en el cierre del caso por el proveedor | D126: Apartir de suscripcion del acuerdo del indicador con el prestador | E126: N/A | F126: POR DEFINIR | G126: Medir la efectividad del proceso de rehabilitanción del asegurado | H126: Número de pacientes con Certificado de rehabilitación, sin solicitud de servicios de rehabilitación(Medico-terapeuticos) posteriores al cierre en el modulo de rehabilitacion del aplicativo Cuida 2.0 / Número total de casos de pacientes cerrados en el periodo x 100 | I126: Número de pacientes con Certificado de rehabilitación, sin solicitud de servicios de rehabilitación(Medico-terapeuticos) posteriores al cierre en el modulo de rehabilitacion del aplicativo Cuida 2.0 | J126: Aplicativo Cuida 2.0 Modulo de rehabilitación | K126: Número total de casos de pacientes cerrados en el periodo x 100 | L126: Aplicativo Cuida 2.0 Modulo de rehabilitación | M126: Porcentaje | N126: 1 | O126: Trimestral | P126: Ascendente | Q126: Ninguna | R126: Muestra: Tomar una muestra de confianza del 90%: 1. Reporte de rehabilitacion: de acuerdo a el periodo a evaluar se identificaran los sinistros con cierre de rehabilitación 3 meses antes. 2.Tomar los reportes transaccionales de autorizaciones de los 3 meses posteriores a los cierres a evaluar y validar con los siniestros asociados si se presentaron autorizaciones posteriores al cierre y si aplican las exclusiones definidas. | S126: Se excluyen los casos de pacientes con servicios medico terapeuticas ordenados por prestadores diferentes a la IPS objeto de medición o aquellos casos en que han transcurrido más de 3 meses despues del cierre del caso. | T126: Supervisor y/o interventoria designada. | U126: POR DEFINIR | V126: ALIADO RHI | W126: CATEGORIA CUENTAS MEDICAS | X126: REHABILITACIÓN,REHABILITACIÓN-IPS ATENCIÓN DOMICILIARIA
A127: Calidad | B127: Seguridad Evento Adverso | C127: Proporción de eventos adversos relacionados con la administración de medicamentos en hospitalización y/o urgencias | D127: Apartir de suscripcion del acuerdo del indicador con el prestador | E127: P.2.10- P.2.11 | F127: POR DEFINIR | G127: Es un estimador del riesgo de materialización de eventos adversos asociados a la estancia y atención intrahospitalaria, de igual forma a las posibles complicaciones que se pueden registrar durante la atención en el servicio de urgencias | H127: (Número de eventos adversos relacionados con la administración de medicamentos en hospitalización – urgencias/Sumatoria de egresos de hospitalización y personas atendidas en urgencias)* 100 | I127: Número de eventos adversos relacionados con la administración de medicamentos en hospitalización – urgencias | J127: Reporte remitido por los prestadores de servicios de acuerdo a lo establecido por la Resolución 256 de 2016 | K127: Sumatoria de egresos de hospitalización y personas atendidas en urgencias | L127: Reporte remitido por los prestadores de servicios de acuerdo a lo establecido por la Resolución 256 de 2016 | M127: Porcentaje | N127: 0 | O127: Trimestral | P127: Descendente | Q127: · Eventos adversos relacionados con la administración de medicamentos en hospitalización – urgencias “Para este indicador el evento adverso solo corresponde a la etapa de administración de medicamentos. Aplica sólo para IPS” | R127: La firma de interventoria o supervisor solicita a los proveedores de prestaciones de servicios de salud con los cuales se tiene contrato vigente, el reporte de los datos reelacionados con este indicador respecto a los asegurados de Positiva que registran atenciones de este servicio en el periodo evaluado. | S127: Solo aplica para eventos determinados como evento adverso | T127: Supervisor y/o interventoria designada. | U127: POR DEFINIR | V127: RIESGO BIOLOGICO | W127: 901248158 | X127: 901248158
A128: Calidad | B128: Seguridad Evento Adverso | C128: Tasa de caída de pacientes en el servicio de consulta externa | D128: Apartir de suscripcion del acuerdo del indicador con el prestador | E128: P.2.8 | F128: POR DEFINIR | G128: Es un estimador del riesgo de materialización de eventos adversos asociados a la estancia y atención intrahospitalaria, de igual forma a las posibles complicaciones que se pueden registrar durante la atención en el servicio de urgencias | H128: (Número total de pacientes atendidos en consulta externa que sufren caídas en el período/Total de personas atendidas en consulta externa)*1000 | I128: Número total de pacientes atendidos en consulta externa que sufren caídas en el período | J128: Reporte remitido por los prestadores de servicios de acuerdo a lo establecido por la Resolución 256 de 2016 | K128: Total de personas atendidas en consulta externa | L128: Reporte remitido por los prestadores de servicios de acuerdo a lo establecido por la Resolución 256 de 2016 | M128: Por 1000 personas atendidas en consulta externa | N128: 0:1.000 | O128: Trimestral | P128: Descendente | Q128: · Caída de pacientes en el servicio de consulta externa “Aplica para IPS, no aplica para los servicios de transporte especial de pacientes” | R128: La firma de interventoria o supervisor solicita a los proveedores de prestaciones de servicios de salud con los cuales se tiene contrato vigente, el reporte de los datos reelacionados con este indicador respecto a los asegurados de Positiva que registran atenciones de este servicio en el periodo evaluado. | S128: Solo aplica para eventos determinados como evento adverso | T128: Supervisor y/o interventoria designada. | U128: POR DEFINIR | V128: ALIADO RHI | W128: CATEGORIA CUENTAS MEDICAS | X128: REHABILITACIÓN,REHABILITACIÓN-IPS ATENCIÓN DOMICILIARIA

Sheet FICHA MOS
A1: Ficha Técnica
A3: TIPO DE PROVEEDOR | B3: MATERIAL DE OSTEOSÍNTESIS
A4: TIPO INDICADOR | B4: Gestión
A5: CATEGORÍA | B5: Adherencia
A6: NOMBRE DEL INDICADOR | B6: Adherencia a la herramienta Tecnológica designada por la compañía
A7: FECHA DE CREACIÓN DEL INDICADOR | B7: Apartir de suscripcion del acuerdo del indicador con el prestador
A8: CÓDIGO Res. 256 de 2016 | B8: N/A
A9: CÓDIGO PROPIO | B9: I.C.119
A10: DESCRIPCIÓN | B10: Medir la gestion oportuna del proveedor en las herramientas tecnologicas designadas por la compañía, frente a los servicios autorizados.
A11: FORMULA | B11: Número de cargues completos en bitácora * 100 / Número total de autorizaciones asginadas
A12: NUMERADOR | B12: Número de cargues completos en bitácora * 100
A13: FUENTE DEL NUMERADOR | B13: Bitácoras de la herramienta tecnológica de la compañía
A14: DENOMINADOR | B14: Número total de autorizaciones asginadas
... A16: UNIDAD DE MEDIDA | B16: Porcentaje
A17: META | B17: 0.98
A18: PERIODICIDAD | B18: Mensual
A19: PROGRESIVIDAD | B19: Ascendente
A20: OBSERVACIONES | B20: El registro en la bitácora de la herramienta tecnológica de la compañía, contará con la siguiente información (compromiso de entrega, novedades, entrega efectiva): Compromiso de entrega: paciente – fecha – hora de cirugía – fecha – hora de entrega – material – persona de contacto en la IPS. (Registro en bitácora máximo 2 días hábiles) Novedades: paciente- IPS -descripción del evento – notificación del evento IPS, ente autorizador (nombre-fecha-hora), requiere soporte técnico (nombre-fecha-hora). (Registro en bitácora máximo 2 días hábiles) Entrega efectiva: fecha - hora de entrega –material entregado- persona que recibe en la IPS (Registro en bitácora máximo 4 días hábiles). *En las autorizaciones vencidas debe quedar la nota de escalamiento a la operación para renovar la autorización. * En autorizaciones anuladas por causa del proveedor debe quedar la nota de la causa por parte del prestador para no dar cumplimiento al servicio. * El proveedor deberá registrar en la bitácora del aplicativo tecnologico de la compañía el compromiso de entrega, novedades y entrega efectiva de cada uno de los suministros autorizados.
A21: METODOLOGÍA | B21: Muestra: Se realizara la validacion del 100% de la autorizaciones asignadas en el periodo a evaluar. Metodología denominador: 1.Se revisará en la herramienta tecnologíca todas las autorizaciones asignadas al proveedor. 2.Se excluiran de la medicion las autorizaciones que cumplan con los criterios definidos como exclusión. Metodología numerador: 1. Se revisará en la herramienta tecnologíca que todas las autorizaciones cuenten con lo definido en el indicador(Observaciones) segun aplique.
A22: EXCLUSIONES | B22: • Falla en la herramienta de gestión establecida por la compañía • Autorización anulada siempre y cuando no sea por una causa atribuible al proveedor • Pendiente programación de cirugía.
A23: RESPONSABLE | B23: Supervisor y/o interventoria designada.
A24: CÓDIGO REPS | B24: AHT07

Sheet IPS
A1: ANEXO TÉCNICO 9
I2: COMPONENTES DE LA FÓRMULA DE CÁLCULO
A3: TIPO INDICADOR | B3: CATEGORÍA | C3: NOMBRE DEL INDICADOR | D3: FECHA DE CREACIÓN DEL INDICADOR | E3: CÓDIGO Res. 256 de 2016 | F3: CÓDIGO PROPIO | G3: DESCRIPCIÓN | H3: FORMULA | I3: NUMERADOR | J3: FUENTE DEL NUMERADOR | K3: DENOMINADOR | L3: FUENTE DEL DENOMINADOR | M3: UNIDAD DE MEDIDA | N3: META | O3: PERIODICIDAD | P3: PROGRESIVIDAD | Q3: OBSERVACIONES | R3: METODOLOGÍA | S3: EXCLUSIONES | T3: RESPONSABLE | U3: CÓDIGO REPS | V3: TIPO DE PROVEEDOR
A4: Gestión | B4: Oportunidad | C4: Oportunidad en la asignación de cita de terapias | D4: Apartir de suscripcion del acuerdo del indicador con el prestador | E4: N/A | F4: I.C.136 | G4: Expresa el tiempo de espera en dias calendario que transcurren entre la fecha de solicitud de la cita para terapias y la fecha en la cual el usuario la solicitó | H4: Sumatoria de la diferencia de los dias calendario entre la fecha en la que se asignó la cita de terapias y la fecha en la cual el usuario la solicitó / número total de citas de terpias asignadas | I4: Sumatoria de la diferencia de los dias calendario entre la fecha en la que se asignó la cita de terapias | J4: Sistema de Gestión de Calidad de la Institución | K4: número total de citas de terpias asignadas | L4: Sistema de Gestión de Calidad de la Institución | M4: Días | N4: 2 días | O4: Trimestral | P4: Descendente | Q4: Ninguna | R4: La firma de interventoria o supervisor solicita a los proveedores de prestaciones de servicios de salud con los cuales se tiene contrato vigente, el reporte de los datos reelacionados con este indicador respecto a los asegurados de Positiva que registran atenciones de este servicio en el periodo evaluado. | S4: Ninguna | T4: Supervisor y/o interventoria designada. | U4: 418 | V4: IPS CON RHB
A5: Gestión | B5: Oportunidad | C5: Oportunidad en la asignación de cita de terapias | D5: Apartir de suscripcion del acuerdo del indicador con el prestador | E5: N/A | F5: I.C.136 | G5: Expresa el tiempo de espera en dias calendario que transcurren entre la fecha de solicitud de la cita para terapias y la fecha en la cual el usuario la solicitó | H5: Sumatoria de la diferencia de los dias calendario entre la fecha en la que se asignó la cita de terapias y la fecha en la cual el usuario la solicitó / número total de citas de terpias asignadas | I5: Sumatoria de la diferencia de los dias calendario entre la fecha en la que se asignó la cita de terapias | J5: Sistema de Gestión de Calidad de la Institución | K5: número total de citas de terpias asignadas | L5: Sistema de Gestión de Calidad de la Institución | M5: Días | N5: 2 días | O5: Trimestral | P5: Descendente | Q5: Ninguna | R5: La firma de interventoria o supervisor solicita a los proveedores de prestaciones de servicios de salud con los cuales se tiene contrato vigente, el reporte de los datos reelacionados con este indicador respecto a los asegurados de Positiva que registran atenciones de este servicio en el periodo evaluado. | S5: Ninguna | T5: Supervisor y/o interventoria designada. | U5: 417 | V5: IPS CON RHB
A6: Gestión | B6: Oportunidad | C6: Oportunidad en la asignación de cita de terapias | D6: Apartir de suscripcion del acuerdo del indicador con el prestador | E6: N/A | F6: I.C.137 | G6: Expresa el tiempo de espera en dias calendario que transcurren entre la fecha de solicitud de la cita para terapias y la fecha en la cual el usuario la solicitó | H6: Sumatoria de la diferencia de los dias calendario entre la fecha en la que se asignó la cita de terapias y la fecha en la cual el usuario la solicitó / número total de citas de terpias asignadas | I6: Sumatoria de la diferencia de los dias calendario entre la fecha en la que se asignó la cita de terapias | J6: Sistema de Gestión de Calidad de la Institución | K6: número total de citas de terpias asignadas | L6: Sistema de Gestión de Calidad de la Institución | M6: Días | N6: 2 días | O6: Trimestral | P6: Descendente | Q6: Ninguna | R6: La firma de interventoria o supervisor solicita a los proveedores de prestaciones de servicios de salud con los cuales se tiene contrato vigente, el reporte de los datos reelacionados con este indicador respecto a los asegurados de Positiva que registran atenciones de este servicio en el periodo evaluado. | S6: Ninguna | T6: Supervisor y/o interventoria designada. | U6: 419 | V6: IPS CON RHB
A7: Gestión | B7: Oportunidad | C7: Oportunidad en la asignación de cita de terapias | D7: Apartir de suscripcion del acuerdo del indicador con el prestador | E7: N/A | F7: I.C.138 | G7: Expresa el tiempo de espera en dias calendario que transcurren entre la fecha de solicitud de la cita para terapias y la fecha en la cual el usuario la solicitó | H7: Sumatoria de la diferencia de los dias calendario entre la fecha en la que se asignó la cita de terapias y la fecha en la cual el usuario la solicitó / número total de citas de terpias asignadas | I7: Sumatoria de la diferencia de los dias calendario entre la fecha en la que se asignó la cita de terapias | J7: Sistema de Gestión de Calidad de la Institución | K7: número total de citas de terpias asignadas | L7: Sistema de Gestión de Calidad de la Institución | M7: Días | N7: 2 días | O7: Trimestral | P7: Descendente | Q7: Ninguna | R7: La firma de interventoria o supervisor solicita a los proveedores de prestaciones de servicios de salud con los cuales se tiene contrato vigente, el reporte de los datos reelacionados con este indicador respecto a los asegurados de Positiva que registran atenciones de este servicio en el periodo evaluado. | S7: Ninguna | T7: Supervisor y/o interventoria designada. | U7: 728 | V7: IPS CON RHB
A8: Gestión | B8: Oportunidad | C8: Oportunidad en la asignación de cita de terapias | D8: Apartir de suscripcion del acuerdo del indicador con el prestador | E8: N/A | F8: I.C.139 | G8: Expresa el tiempo de espera en dias calendario que transcurren entre la fecha de solicitud de la cita para terapias y la fecha en la cual el usuario la solicitó | H8: Sumatoria de la diferencia de los dias calendario entre la fecha en la que se asignó la cita de terapias y la fecha en la cual el usuario la solicitó / número total de citas de terpias asignadas | I8: Sumatoria de la diferencia de los dias calendario entre la fecha en la que se asignó la cita de terapias | J8: Sistema de Gestión de Calidad de la Institución | K8: número total de citas de terpias asignadas | L8: Sistema de Gestión de Calidad de la Institución | M8: Días | N8: 1 días | O8: Trimestral | P8: Descendente | Q8: Ninguna | R8: La firma de interventoria o supervisor solicita a los proveedores de prestaciones de servicios de salud con los cuales se tiene contrato vigente, el reporte de los datos reelacionados con este indicador respecto a los asegurados de Positiva que registran atenciones de este servicio en el periodo evaluado. | S8: Ninguna | T8: Supervisor y/o interventoria designada. | U8: 729 | V8: IPS CON RHB
A9: Gestión | B9: Oportunidad | C9: Oportunidad en la asignación de cita de terapias | D9: Apartir de suscripcion del acuerdo del indicador con el prestador | E9: N/A | F9: I.C.145 | G9: Expresa el tiempo de espera en dias calendario que transcurren entre la fecha de solicitud de la cita para terapias y la fecha en la cual el usuario la solicitó | H9: Sumatoria de la diferencia de los dias calendario entre la fecha en la que se asignó la cita de terapias y la fecha en la cual el usuario la solicitó / número total de citas de terpias asignadas | I9: Sumatoria de la diferencia de los dias calendario entre la fecha en la que se asignó la cita de terapias | J9: Sistema de Gestión de Calidad de la Institución | K9: número total de citas de terpias asignadas | L9: Sistema de Gestión de Calidad de la Institución | M9: Días | N9: 1 días | O9: Trimestral | P9: Descendente | Q9: Ninguna | R9: La firma de interventoria o supervisor solicita a los proveedores de prestaciones de servicios de salud con los cuales se tiene contrato vigente, el reporte de los datos reelacionados con este indicador respecto a los asegurados de Positiva que registran atenciones de este servicio en el periodo evaluado. | S9: Ninguna | T9: Supervisor y/o interventoria designada. | U9: OAD24 | V9: IPS CON RHB
A10: Gestión | B10: Gestión | C10: Oportunidad En La Radicación De Facturas Por Proveedor | D10: Apartir de suscripcion del acuerdo del indicador con el prestador | E10: N/A | F10: I.C.110 | G10: El indicador busca monitorear los días que se demora el prestador de servicios o tecnologias de salud IPS o proveedor en facturar el servicio prestado. | H10: Promedio ( aritmético) de número de dias resultado (Fecha de radicación de la factura menos (-) fecha de prestación del servicio u homologa) | I10: Promedio ( aritmético) de número de dias resultado (Fecha de radicación de la factura menos) | J10: Herramienta Tecnológica Vigente Definida Por Positiva | K10: fecha de prestación del servicio u homologa | L10: Herramienta Tecnológica Vigente Definida Por Positiva | M10: Número promedio ( aritmético) de dias | N10: 30 días calendario | O10: Trimestral o mensual dependiendo de la periodicidad del informe de interventoria a reportar | P10: Descendente | Q10: Realizada Por Parte Del Del Servicio De Interventoría | R10: La firma interventora accede al aplicativo dispuesto por la compañia que registra (reporte de radicaciòn para conocer la fecha del servicio y la fecha de radicación de cada una de las facturas registradas ante Positiva), de acuerdo a la vigencia del contrato. | S10: Fallas en la operación por parte del proveedor de radicación / inconsistencias en la herramienta tecnológica de radicación. Si no hay radicación para el periodo a medir se debe colocar No aplica - sin radicación. | T10: Supervisor y/o interventoria designada. | U10: Todos los REPS | V10: TODOS LOS PROVEEDORES
A11: Gestión | B11: Gestión | C11: Oportunidad En La Gestion De Las Devoluciones | D11: Apartir de suscripcion del acuerdo del indicador con el prestador | E11: N/A | F11: I.C.111 | G11: El indicador busca monitorear el número de devoluciones de facturas en radicación realizadas al proveedor. | H11: (Número total de facturas devueltas /( sobre) Número total de facturas radicadas en el periodo a evaluar) * (por) 100% | I11: Número total de facturas devueltas | J11: Herramienta Tecnológica Vigente Definida Por Positiva | K11: Número total de facturas radicadas en el periodo a evaluar) * (por) 100% | L11: Herramienta Tecnológica Vigente Definida Por Positiva | M11: Porcentaje de devoluciones | N11: Del 0 % al 5 % | O11: Trimestral o mensual dependiendo de la periodicidad del informe de interventoria a reportar | P11: Descendente | Q11: Realizada Por Parte Del Del Servicio De Interventoría | R11: La firma interventora accede al aplicativo que comprende la información de radicación para conocer el número de facturas devueltas debido a causa del proveedor | S11: Fallas tecnológicas o devolución errada por parte del operador de radicación. No aplica -sin devoluciones | T11: Supervisor y/o interventoria designada. | U11: Todos los REPS | V11: TODOS LOS PROVEEDORES
A12: Gestión | B12: Gestión | C12: Oportunidad En La Respuesta De Glosas Por Proveedores | D12: Apartir de suscripcion del acuerdo del indicador con el prestador | E12: N/A | F12: I.C.112 | G12: El indicador busca monitorear los días que se demora el proveedor en responder a la glosa formulada por parte de la firma auditora. | H12: Promedio ( aritmético) del número de dias (Fecha de respuesta por parte del proveedor menos (-) menos Fecha de notificación de glosa ) | I12: Promedio ( aritmético) del número de dias (Fecha de respuesta por parte del proveedor menos | J12: Herramienta Tecnológica Vigente Definida Por Positiva | K12: Fecha de notificación de glosa | L12: Herramienta Tecnológica Vigente Definida Por Positiva | M12: Promedio ( aritmético) de número de dias que toma el proveedor para responder glosa. | N12: 20 días hábiles | O12: Trimestral o mensual dependiendo de la periodicidad del informe de interventoria a reportar | P12: Descendente | Q12: Realizada Por Parte Del Del Servicio De Interventoría | R12: La firma interventora accede al aplicativo que registra la información de auditoria, para conocer la fecha de notificación de la glosa y la fecha de la primera respuesta a la glosa por parte del proveedor. | S12: Inconsistencias en la herramienta tecnológica de auditoría. No aplica -sin glosa. Para los casos que al momento de la mediciòn del indicador no cuenta con respuesta estando en los terminos de ley se tomará como esta (fecha de primera respuesta) el día que se realiza la medición del indicador. | T12: Supervisor y/o interventoria designada. | U12: Todos los REPS | V12: TODOS LOS PROVEEDORES
A13: Gestión | B13: Gestión | C13: Calidad En La Respuesta De Glosa Dadas Por El Proveedor | D13: Apartir de suscripcion del acuerdo del indicador con el prestador | E13: N/A | F13: I.C.113 | G13: El indicador busca monitorear las veces en que se realiza reunión de conciliación para validar con el proveedor la calidad de las respuestas dadas a las glosas formuladas. | H13: Suma del número de conciliaciones (reuniones) realizadas en el periodo a evaluar | I13: Suma del número de conciliaciones (reuniones) realizadas en el periodo a evaluar | J13: Informe De conciliación Cuentas Medicas | K13: N/A | L13: N/A | M13: Número de reuniones de conciliación | N13: 0 a 2 reuniones | O13: Trimestral o mensual dependiendo de la periodicidad del informe de interventoria a reportar | P13: Descendente | Q13: Realizada Por Parte Del Del Servicio De Interventoría | R13: La interventoría cuantificará de acuerdo a la información recibida del equipo de conciliación en número de veces en que se reunen con el proveedor para validar la calidad de las respuestas dadas a las glosas formuladas. | S13: No aplica -sin conciliaciòn. Para los casos que al momento de la mediciòn del indicador no cuenta con glosa generada | T13: Supervisor y/o interventoria designada. | U13: Todos los REPS | V13: TODOS LOS PROVEEDORES
A14: calidad | B14: Oportunidad | C14: Tiempo promedio de espera para la asignación de cita de Medicina General | D14: Apartir de suscripcion del acuerdo del indicador con el prestador | E14: P.3.1 | F14: I.C.48 | G14: Expresa el tiempo de espera en días calendario que transcurren entre la fecha de solicitud de la cita para la consulta de Medicina general de primera vez por parte del paciente/ usuario a la IPS y la fecha en que es asignada | H14: Sumatoria de la diferencia de días calendario entre la fecha en la que se asignó la cita de Medicina general de primera vez y la fecha en la cual el usuario la solicitó/Número total de citas de Medicina General de primera vez asignadas | I14: Sumatoria de la diferencia de días calendario entre la fecha en la que se asignó la cita de Medicina general de primera vez y la fecha en la cual el usuario la solicitó | J14: Reporte remitido por los prestadores de servicios de acuerdo a lo establecido por la Resolución 256 de 2016 | K14: Número total de citas de Medicina General de primera vez asignadas | L14: Reporte remitido por los prestadores de servicios de acuerdo a lo establecido por la Resolución 256 de 2016 | M14: Días | N14: 4 días calendario | O14: Trimestral | P14: Descendente | Q14: La consulta de primera vez, hace referencia a la primera consulta del paciente que se registra por primera vez en el año razón por la cual se excluye la consulta de control. Aplica para IPS y no aplica para servicios de transporte especial de pacientes | R14: La firma de interventoria o supervisor solicita a los proveedores de prestaciones de servicios de salud con los cuales se tiene contrato vigente, el reporte de los datos reelacionados con este indicador respecto a los asegurados de Positiva que registran atenciones de este servicio en el periodo evaluado. | S14: Ninguna | T14: Supervisor y/o interventoria designada. | U14: 328 | V14: IPS
A15: calidad | B15: Oportunidad | C15: Tiempo promedio de espera para la asignación de cita de Odontologia general | D15: Apartir de suscripcion del acuerdo del indicador con el prestador | E15: P.3.2 | F15: I.C.49 | G15: Expresa el tiempo de espera en dias calendario que transcurren entre la fecha de la solicitud y la cita para consulta por Odontologia General de primera vez por parte del paciente/ usuario a la IPS y la fecha en que es asignada | H15: Sumatoria de la diferencia de días calendario entre la fecha en la que se asignó la cita de Odontología general de primera vez y la fecha en la cual el usuario la solicitó/Número total de citas de Odontología General de primera vez asignadas | I15: Sumatoria de la diferencia de días calendario entre la fecha en la que se asignó la cita de Odontología general de primera vez y la fecha en la cual el usuario la solicitó | J15: Reporte remitido por los prestadores de servicios de acuerdo a lo establecido por la Resolución 256 de 2016 | K15: Número total de citas de Odontología General de primera vez asignadas | L15: Reporte remitido por los prestadores de servicios de acuerdo a lo establecido por la Resolución 256 de 2016 | M15: Días | N15: 5 días calendario | O15: Trimestral | P15: Descendente | Q15: La consulta de primera vez hace referencia a la primera consulta del paciente que se registra por primera vez en el año, razón por la cual se excluye la consulta de control. Aplica para IPS y no aplica para los servicios de transporte especial de pacientes | R15: La firma de interventoria o supervisor solicita a los proveedores de prestaciones de servicios de salud con los cuales se tiene contrato vigente, el reporte de los datos reelacionados con este indicador respecto a los asegurados de Positiva que registran atenciones de este servicio en el periodo evaluado. | S15: Ninguna | T15: Supervisor y/o interventoria designada. | U15: 334 | V15: IPS
A16: calidad | B16: Oportunidad | C16: Tiempo promedio de espera para la asignación de cita de Medicina interna | D16: Apartir de suscripcion del acuerdo del indicador con el prestador | E16: P.3.3 | F16: I.C.50 | G16: Expresa el tiempo de espera en dias calendario que transcurren entre la fecha de solicitud de la cita para la consulta por Medicina Interna de primera vez y la fecha en la cual el usuario lo solicitó | H16: Sumatoria de la diferencia de los dias calendario entre la fecha en la que se asignó la cita de Medicina Interna de primera vez y la fecha en la cual el usuario la solicitó / número total de citas de medicina interna de primera vez asignadas | I16: Sumatoria de la diferencia de dias calendario entre la fecha en la que se asignó la cita de medicina interna de primera vez y la fecha en la cual el usuario la solicitó | J16: Reporte remitido por los prestadores de servicios de acuerdo a lo establecido por la Resolución 256 de 2016 | K16: Número total de citas de medicina interna de primera vez asignadas | L16: Reporte remitido por los prestadores de servicios de acuerdo a lo establecido por la Resolución 256 de 2016 | M16: Días | N16: 14 días calendario | O16: Trimestral | P16: Descendente | Q16: La consulta de primera vez hace referencia a la primera consulta del paciente que se registra por primera vez en el año, razón por la cual se excluye la consulta de control. Aplica para IPS y no aplica para los servicios de transporte especial de pacientes | R16: La firma de interventoria o supervisor solicita a los proveedores de prestaciones de servicios de salud con los cuales se tiene contrato vigente, el reporte de los datos reelacionados con este indicador respecto a los asegurados de Positiva que registran atenciones de este servicio en el periodo evaluado. | S16: Ninguna | T16: Supervisor y/o interventoria designada. | U16: 329 | V16: IPS
A17: calidad | B17: Oportunidad | C17: Tiempo promedio de espera para la asignación de cita de Cardiologia | D17: Apartir de suscripcion del acuerdo del indicador con el prestador | E17: N/A | F17: I.C.51 | G17: Expresa el tiempo de espera en dias calendario que transcurren entre la fecha de solicitud de la cita para la consulta por Cardiología de primera vez y la fecha en la cual el usuario la solicitó | H17: Sumatoria de la diferencia de los dias calendario entre la fecha en la que se asignó la cita de Cardiología de primera vez y la fecha en la cual el usuario la solicitó / número total de citas de cardiología de primera vez asignadas | I17: Sumatoria de la diferencia de dias calendario entre la fecha en la que se asignó la cita de cardiología de primera vez y la fecha en la cual el usuario la solicitó | J17: Sistema de Gestión de Calidad de la Institución | K17: Número total de citas de cardiología de primera vez asignadas | L17: Sistema de Gestión de Calidad de la Institución | M17: Días | N17: 5 días calendario | O17: Trimestral | P17: Descendente | Q17: La consulta de primera vez hace referencia a la primera consulta del paciente que se registra por primera vez en el año, razón por la cual se excluye la consulta de control. Aplica para IPS y no aplica para los servicios de transporte especial de pacientes | R17: La firma de interventoria o supervisor solicita a los proveedores de prestaciones de servicios de salud con los cuales se tiene contrato vigente, el reporte de los datos reelacionados con este indicador respecto a los asegurados de Positiva que registran atenciones de este servicio en el periodo evaluado. | S17: Ninguna | T17: Supervisor y/o interventoria designada. | U17: 302 | V17: IPS
A18: calidad | B18: Oportunidad | C18: Tiempo promedio de espera para la asignación de cita de Gastroenterología | D18: Apartir de suscripcion del acuerdo del indicador con el prestador | E18: N/A | F18: I.C.52 | G18: Expresa el tiempo de espera en dias calendario que transcurren entre la fecha de solicitud de la cita para la consulta por Gastroenterología de primera vez y la fecha en la cual el usuario la solicitó | H18: Sumatoria de la diferencia de los dias calendario entre la fecha en la que se asignó la cita de Gastroenterología de primera vez y la fecha en la cual el usuario la solicitó / número total de citas de gastroenterología de primera vez asignadas | I18: Sumatoria de la diferencia de dias calendario entre la fecha en la que se asignó la cita de gastroenterología de primera vez y la fecha en la cual el usuario la solicitó | J18: Sistema de Gestión de Calidad de la Institución | K18: Número total de citas de gastroenterología de primera vez asignadas | L18: Sistema de Gestión de Calidad de la Institución | M18: Días | N18: 5 días calendario | O18: Trimestral | P18: Descendente | Q18: La consulta de primera vez hace referencia a la primera consulta del paciente que se registra por primera vez en el año, razón por la cual se excluye la consulta de control. Aplica para IPS y no aplica para los servicios de transporte especial de pacientes | R18: La firma de interventoria o supervisor solicita a los proveedores de prestaciones de servicios de salud con los cuales se tiene contrato vigente, el reporte de los datos reelacionados con este indicador respecto a los asegurados de Positiva que registran atenciones de este servicio en el periodo evaluado. | S18: Ninguna | T18: Supervisor y/o interventoria designada. | U18: 316 | V18: IPS
A19: calidad | B19: Oportunidad | C19: Tiempo promedio de espera para la asignación de cita de Nefrología | D19: Apartir de suscripcion del acuerdo del indicador con el prestador | E19: N/A | F19: I.C.53 | G19: Expresa el tiempo de espera en dias calendario que transcurren entre la fecha de solicitud de la cita para la consulta por Nefrología de primera vez y la fecha en la cual el usuario la solicitó | H19: Sumatoria de la diferencia de los dias calendario entre la fecha en la que se asignó la cita de Nefrología de primera vez y la fecha en la cual el usuario la solicitó / número total de citas de nefrología de primera vez asignadas | I19: Sumatoria de la diferencia de dias calendario entre la fecha en la que se asignó la cita de nefrología de primera vez y la fecha en la cual el usuario la solicitó | J19: Sistema de Gestión de Calidad de la Institución | K19: Número total de citas de nefrología de primera vez asignadas | L19: Sistema de Gestión de Calidad de la Institución | M19: Días | N19: 5 días calendario | O19: Trimestral | P19: Descendente | Q19: La consulta de primera vez hace referencia a la primera consulta del paciente que se registra por primera vez en el año, razón por la cual se excluye la consulta de control. Aplica para IPS y no aplica para los servicios de transporte especial de pacientes | R19: La firma de interventoria o supervisor solicita a los proveedores de prestaciones de servicios de salud con los cuales se tiene contrato vigente, el reporte de los datos reelacionados con este indicador respecto a los asegurados de Positiva que registran atenciones de este servicio en el periodo evaluado. | S19: Ninguna | T19: Supervisor y/o interventoria designada. | U19: 330 | V19: IPS
A20: calidad | B20: Oportunidad | C20: Tiempo promedio de espera para la asignación de cita de Nutrición y dietetica | D20: Apartir de suscripcion del acuerdo del indicador con el prestador | E20: N/A | F20: I.C.54 | G20: Expresa el tiempo de espera en dias calendario que transcurren entre la fecha de solicitud de la cita para la consulta por Nutrición y dietetica de primera vez y la fecha en la cual el usuario la solicitó | H20: Sumatoria de la diferencia de los dias calendario entre la fecha en la que se asignó la cita de nutrición y dietetica de primera vez y la fecha en la cual el usuario la solicitó / número total de citas de nutrición y dietetica a de primera vez asignadas | I20: Sumatoria de la diferencia de dias calendario entre la fecha en la que se asignó la cita de nutrición y dietetica de primera vez y la fecha en la cual el usuario la solicitó | J20: Sistema de Gestión de Calidad de la Institución | K20: Número total de citas de nutrición y dietetica de primera vez asignadas | L20: Sistema de Gestión de Calidad de la Institución | M20: Días | N20: 5 días calendario | O20: Trimestral | P20: Descendente | Q20: La consulta de primera vez hace referencia a la primera consulta del paciente que se registra por primera vez en el año, razón por la cual se excluye la consulta de control. Aplica para IPS y no aplica para los servicios de transporte especial de pacientes | R20: La firma de interventoria o supervisor solicita a los proveedores de prestaciones de servicios de salud con los cuales se tiene contrato vigente, el reporte de los datos reelacionados con este indicador respecto a los asegurados de Positiva que registran atenciones de este servicio en el periodo evaluado. | S20: Ninguna | T20: Supervisor y/o interventoria designada. | U20: 333 | V20: IPS
A21: calidad | B21: Oportunidad | C21: Tiempo promedio de espera para la asignación de cita de psicología | D21: Apartir de suscripcion del acuerdo del indicador con el prestador | E21: N/A | F21: I.C.55 | G21: Expresa el tiempo de espera en dias calendario que transcurren entre la fecha de solicitud de la cita para la consulta por psicologia de primera vez y la fecha en la cual el usuario la solicitó | H21: Sumatoria de la diferencia de los dias calendario entre la fecha en la que se asignó la cita de psicología de primera vez y la fecha en la cual el usuario la solicitó / número total de citas de psicología de primera vez asignadas | I21: Sumatoria de la diferencia de dias calendario entre la fecha en la que se asignó la cita de psicología de primera vez y la fecha en la cual el usuario la solicitó | J21: Sistema de Gestión de Calidad de la Institución | K21: Número total de citas de psicología de primera vez asignadas | L21: Sistema de Gestión de Calidad de la Institución | M21: Días | N21: 5 días calendario | O21: Trimestral | P21: Descendente | Q21: La consulta de primera vez hace referencia a la primera consulta del paciente que se registra por primera vez en el año, razón por la cual se excluye la consulta de control. Aplica para IPS y no aplica para los servicios de transporte especial de pacientes | R21: La firma de interventoria o supervisor solicita a los proveedores de prestaciones de servicios de salud con los cuales se tiene contrato vigente, el reporte de los datos reelacionados con este indicador respecto a los asegurados de Positiva que registran atenciones de este servicio en el periodo evaluado. | S21: Ninguna | T21: Supervisor y/o interventoria designada. | U21: 344 | V21: IPS
A22: calidad | B22: Oportunidad | C22: Tiempo promedio de espera para la asignación de cita de urología | D22: Apartir de suscripcion del acuerdo del indicador con el prestador | E22: N/A | F22: I.C.56 | G22: Expresa el tiempo de espera en dias calendario que transcurren entre la fecha de solicitud de la cita para la consulta por urología de primera vez y la fecha en la cual el usuario la solicitó | H22: Sumatoria de la diferencia de los dias calendario entre la fecha en la que se asignó la cita de urología de primera vez y la fecha en la cual el usuario la solicitó / número total de citas de urología de primera vez asignadas | I22: Sumatoria de la diferencia de dias calendario entre la fecha en la que se asignó la cita de urología de primera vez y la fecha en la cual el usuario la solicitó | J22: Sistema de Gestión de Calidad de la Institución | K22: Número total de citas de urología de primera vez asignadas | L22: Sistema de Gestión de Calidad de la Institución | M22: Días | N22: 5 días calendario | O22: Trimestral | P22: Descendente | Q22: La consulta de primera vez hace referencia a la primera consulta del paciente que se registra por primera vez en el año, razón por la cual se excluye la consulta de control. Aplica para IPS y no aplica para los servicios de transporte especial de pacientes | R22: La firma de interventoria o supervisor solicita a los proveedores de prestaciones de servicios de salud con los cuales se tiene contrato vigente, el reporte de los datos reelacionados con este indicador respecto a los asegurados de Positiva que registran atenciones de este servicio en el periodo evaluado. | S22: Ninguna | T22: Supervisor y/o interventoria designada. | U22: 355 | V22: IPS
A23: calidad | B23: Oportunidad | C23: Tiempo promedio de espera para la asignación de cita de cirugiía vascular | D23: Apartir de suscripcion del acuerdo del indicador con el prestador | E23: N/A | F23: I.C.57 | G23: Expresa el tiempo de espera en dias calendario que transcurren entre la fecha de solicitud de la cita para la consulta por cirugía vascular de primera vez y la fecha en la cual el usuario la solicitó | H23: Sumatoria de la diferencia de los dias calendario entre la fecha en la que se asignó la cita de cirugía vascular de primera vez y la fecha en la cual el usuario la solicitó / número total de citas de cirugía vascular de primera vez asignadas | I23: Sumatoria de la diferencia de dias calendario entre la fecha en la que se asignó la cita de cirugía vascular de primera vez y la fecha en la cual el usuario la solicitó | J23: Sistema de Gestión de Calidad de la Institución | K23: Número total de citas de cirugía vascular de primera vez asignadas | L23: Sistema de Gestión de Calidad de la Institución | M23: Días | N23: 5 días calendario | O23: Trimestral | P23: Descendente | Q23: La consulta de primera vez hace referencia a la primera consulta del paciente que se registra por primera vez en el año, razón por la cual se excluye la consulta de control. Aplica para IPS y no aplica para los servicios de transporte especial de pacientes | R23: La firma de interventoria o supervisor solicita a los proveedores de prestaciones de servicios de salud con los cuales se tiene contrato vigente, el reporte de los datos reelacionados con este indicador respecto a los asegurados de Positiva que registran atenciones de este servicio en el periodo evaluado. | S23: Ninguna | T23: Supervisor y/o interventoria designada. | U23: 372 | V23: IPS
A24: calidad | B24: Oportunidad | C24: Tiempo promedio de espera para la asignación de cita de dermatología | D24: Apartir de suscripcion del acuerdo del indicador con el prestador | E24: N/A | F24: I.C.58 | G24: Expresa el tiempo de espera en dias calendario que transcurren entre la fecha de solicitud de la cita para la consulta por dermatología de primera vez y la fecha en la cual el usuario la solicitó | H24: Sumatoria de la diferencia de los dias calendario entre la fecha en la que se asignó la cita de dermatología de primera vez y la fecha en la cual el usuario la solicitó / número total de citas de dernatología de primera vez asignadas | I24: Sumatoria de la diferencia de dias calendario entre la fecha en la que se asignó la cita de dermatología de primera vez y la fecha en la cual el usuario la solicitó | J24: Sistema de Gestión de Calidad de la Institución | K24: Número total de citas de dermatología de primera vez asignadas | L24: Sistema de Gestión de Calidad de la Institución | M24: Días | N24: 5 días calendario | O24: Trimestral | P24: Descendente | Q24: La consulta de primera vez hace referencia a la primera consulta del paciente que se registra por primera vez en el año, razón por la cual se excluye la consulta de control. Aplica para IPS y no aplica para los servicios de transporte especial de pacientes | R24: La firma de interventoria o supervisor solicita a los proveedores de prestaciones de servicios de salud con los cuales se tiene contrato vigente, el reporte de los datos reelacionados con este indicador respecto a los asegurados de Positiva que registran atenciones de este servicio en el periodo evaluado. | S24: Ninguna | T24: Supervisor y/o interventoria designada. | U24: 308 | V24: IPS
A25: calidad | B25: Oportunidad | C25: Tiempo promedio de espera para la asignación de cita de medicina física y rehabilitación | D25: Apartir de suscripcion del acuerdo del indicador con el prestador | E25: N/A | F25: I.C.59 | G25: Expresa el tiempo de espera en dias calendario que transcurren entre la fecha de solicitud de la cita para la consulta por medicina física y rehabilitación de primera vez y la fecha en la cual el usuario la solicitó | H25: Sumatoria de la diferencia de los dias calendario entre la fecha en la que se asignó la cita de medicina física y rehabilitación de primera vez y la fecha en la cual el usuario la solicitó / número total de citas de medicina física de primera vez asignadas | I25: Sumatoria de la diferencia de dias calendario entre la fecha en la que se asignó la cita de medicina física y rehabilitación de primera vez y la fecha en la cual el usuario la solicitó | J25: Sistema de Gestión de Calidad de la Institución | K25: Número total de citas de medicina física y rehabilitación de primera vez asignadas | L25: Sistema de Gestión de Calidad de la Institución | M25: Días | N25: 5 días calendario | O25: Trimestral | P25: Descendente | Q25: La consulta de primera vez hace referencia a la primera consulta del paciente que se registra por primera vez en el año, razón por la cual se excluye la consulta de control. Aplica para IPS y no aplica para los servicios de transporte especial de pacientes | R25: La firma de interventoria o supervisor solicita a los proveedores de prestaciones de servicios de salud con los cuales se tiene contrato vigente, el reporte de los datos reelacionados con este indicador respecto a los asegurados de Positiva que registran atenciones de este servicio en el periodo evaluado. | S25: Ninguna | T25: Supervisor y/o interventoria designada. | U25: 327 | V25: IPS
A26: calidad | B26: Oportunidad | C26: Tiempo promedio de espera para la asignación de cita de neurología | D26: Apartir de suscripcion del acuerdo del indicador con el prestador | E26: N/A | F26: I.C.60 | G26: Expresa el tiempo de espera en dias calendario que transcurren entre la fecha de solicitud de la cita para la consulta por neurología de primera vez y la fecha en la cual el usuario la solicitó | H26: Sumatoria de la diferencia de los dias calendario entre la fecha en la que se asignó la cita de neurología de primera vez y la fecha en la cual el usuario la solicitó / número total de citas de neurología de primera vez asignadas | I26: Sumatoria de la diferencia de dias calendario entre la fecha en la que se asignó la cita de neurología de primera vez y la fecha en la cual el usuario la solicitó | J26: Sistema de Gestión de Calidad de la Institución | K26: Número total de citas de neurología de primera vez asignadas | L26: Sistema de Gestión de Calidad de la Institución | M26: Días | N26: 5 días calendario | O26: Trimestral | P26: Descendente | Q26: La consulta de primera vez hace referencia a la primera consulta del paciente que se registra por primera vez en el año, razón por la cual se excluye la consulta de control. Aplica para IPS y no aplica para los servicios de transporte especial de pacientes | R26: La firma de interventoria o supervisor solicita a los proveedores de prestaciones de servicios de salud con los cuales se tiene contrato vigente, el reporte de los datos reelacionados con este indicador respecto a los asegurados de Positiva que registran atenciones de este servicio en el periodo evaluado. | S26: Ninguna | T26: Supervisor y/o interventoria designada. | U26: 332 | V26: IPS
A27: calidad | B27: Oportunidad | C27: Tiempo promedio de espera para la asignación de cita de ortopedia | D27: Apartir de suscripcion del acuerdo del indicador con el prestador | E27: N/A | F27: I.C.61 | G27: Expresa el tiempo de espera en dias calendario que transcurren entre la fecha de solicitud de la cita para la consulta por ortopedia de primera vez y la fecha en la cual el usuario la solicitó | H27: Sumatoria de la diferencia de los dias calendario entre la fecha en la que se asignó la cita de ortopedia de primera vez y la fecha en la cual el usuario la solicitó / número total de citas de ortopedia de primera vez asignadas | I27: Sumatoria de la diferencia de dias calendario entre la fecha en la que se asignó la cita de ortopedia de primera vez y la fecha en la cual el usuario la solicitó | J27: Sistema de Gestión de Calidad de la Institución | K27: Número total de citas de ortopedia de primera vez asignadas | L27: Sistema de Gestión de Calidad de la Institución | M27: Días | N27: 5 días calendario | O27: Trimestral | P27: Descendente | Q27: La consulta de primera vez hace referencia a la primera consulta del paciente que se registra por primera vez en el año, razón por la cual se excluye la consulta de control. Aplica para IPS y no aplica para los servicios de transporte especial de pacientes | R27: La firma de interventoria o supervisor solicita a los proveedores de prestaciones de servicios de salud con los cuales se tiene contrato vigente, el reporte de los datos reelacionados con este indicador respecto a los asegurados de Positiva que registran atenciones de este servicio en el periodo evaluado. | S27: Ninguna | T27: Supervisor y/o interventoria designada. | U27: 339 | V27: IPS
A28: calidad | B28: Oportunidad | C28: Tiempo promedio de espera para la asignación de cita de anestesia | D28: Apartir de suscripcion del acuerdo del indicador con el prestador | E28: N/A | F28: I.C.62 | G28: Expresa el tiempo de espera en dias calendario que transcurren entre la fecha de solicitud de la cita para la consulta por anestesia de primera vez y la fecha en la cual el usuario la solicitó | H28: Sumatoria de la diferencia de los dias calendario entre la fecha en la que se asignó la cita de anestesia de primera vez y la fecha en la cual el usuario la solicitó / número total de citas de anestesia de primera vez asignadas | I28: Sumatoria de la diferencia de dias calendario entre la fecha en la que se asignó la cita de anestesia de primera vez y la fecha en la cual el usuario la solicitó | J28: Sistema de Gestión de Calidad de la Institución | K28: Número total de citas de anestesia de primera vez asignadas | L28: Sistema de Gestión de Calidad de la Institución | M28: Días | N28: 5 días calendario | O28: Trimestral | P28: Descendente | Q28: La consulta de primera vez hace referencia a la primera consulta del paciente que se registra por primera vez en el año, razón por la cual se excluye la consulta de control. Aplica para IPS y no aplica para los servicios de transporte especial de pacientes | R28: La firma de interventoria o supervisor solicita a los proveedores de prestaciones de servicios de salud con los cuales se tiene contrato vigente, el reporte de los datos reelacionados con este indicador respecto a los asegurados de Positiva que registran atenciones de este servicio en el periodo evaluado. | S28: Ninguna | T28: Supervisor y/o interventoria designada. | U28: 301 | V28: IPS
... A56: calidad | B56: Oportunidad | C56: Tiempo promedio de espera para la asignación de cita de medicina del dolor y cuidados paliativos | D56: Apartir de suscripcion del acuerdo del indicador con el prestador | E56: N/A | F56: I.C.90 | G56: Expresa el tiempo de espera en dias calendario que transcurren entre la fecha de solicitud de la cita para la consulta por medicina del dolor y cuidados paliativos de primera vez y la fecha en la cual el usuario la solicitó | H56: Sumatoria de la diferencia de los dias calendario entre la fecha en la que se asignó la cita de medicina del dolor y cuidados paliativos de primera vez y la fecha en la cual el usuario la solicitó / número total de citas de medicina del dolor y cuidados paliativos de primera vez asignadas | I56: Sumatoria de la diferencia de dias calendario entre la fecha en la que se asignó la cita medicina del dolor y cuidados paliativos de primera vez y la fecha en la cual el usuario la solicitó | J56: Sistema de Gestión de Calidad de la Institución | K56: Número total de citas de medicina del dolor y cuidados paliativos de primera vez asignadas | L56: Sistema de Gestión de Calidad de la Institución | M56: Días | N56: 5 días calendario | O56: Trimestral | P56: Descendente | Q56: La consulta de primera vez hace referencia a la primera consulta del paciente que se registra por primera vez en el año, razón por la cual se excluye la consulta de control. Aplica para IPS y no aplica para los servicios de transporte especial de pacientes | R56: La firma de interventoria o supervisor solicita a los proveedores de prestaciones de servicios de salud con los cuales se tiene contrato vigente, el reporte de los datos reelacionados con este indicador respecto a los asegurados de Positiva que registran atenciones de este servicio en el periodo evaluado. | S56: Ninguna | T56: Supervisor y/o interventoria designada. | U56: 309 | V56: IPS
A57: calidad | B57: Oportunidad | C57: Tiempo promedio de espera para la asignación de cita de medicina alternativa | D57: Apartir de suscripcion del acuerdo del indicador con el prestador | E57: N/A | F57: I.C.91 | G57: Expresa el tiempo de espera en dias calendario que transcurren entre la fecha de solicitud de la cita para la consulta por medicina alternativa de primera vez y la fecha en la cual el usuario la solicitó | H57: Sumatoria de la diferencia de los dias calendario entre la fecha en la que se asignó la cita de medicina alternativa de primera vez y la fecha en la cual el usuario la solicitó / número total de citas de medicina alternativa de primera vez asignadas | I57: Sumatoria de la diferencia de dias calendario entre la fecha en la que se asignó la cita medicina alternativa de primera vez y la fecha en la cual el usuario la solicitó | J57: Sistema de Gestión de Calidad de la Institución | K57: Número total de citas de medicina alternativa de primera vez asignadas | L57: Sistema de Gestión de Calidad de la Institución | M57: Días | N57: 5 días calendario | O57: Trimestral | P57: Descendente | Q57: La consulta de primera vez hace referencia a la primera consulta del paciente que se registra por primera vez en el año, razón por la cual se excluye la consulta de control. Aplica para IPS y no aplica para los servicios de transporte especial de pacientes | R57: La firma de interventoria o supervisor solicita a los proveedores de prestaciones de servicios de salud con los cuales se tiene contrato vigente, el reporte de los datos reelacionados con este indicador respecto a los asegurados de Positiva que registran atenciones de este servicio en el periodo evaluado. | S57: Ninguna | T57: Supervisor y/o interventoria designada. | U57: 412 | V57: IPS
A58: calidad | B58: Oportunidad | C58: Tiempo promedio de espera para la asignación de cita de medicina alternativa | D58: Apartir de suscripcion del acuerdo del indicador con el prestador | E58: N/A | F58: I.C.92 | G58: Expresa el tiempo de espera en dias calendario que transcurren entre la fecha de solicitud de la cita para la consulta por medicina alternativa de primera vez y la fecha en la cual el usuario la solicitó | H58: Sumatoria de la diferencia de los dias calendario entre la fecha en la que se asignó la cita de medicina alternativa de primera vez y la fecha en la cual el usuario la solicitó / número total de citas de medicina alternativa de primera vez asignadas | I58: Sumatoria de la diferencia de dias calendario entre la fecha en la que se asignó la cita medicina alternativa de primera vez y la fecha en la cual el usuario la solicitó | J58: Sistema de Gestión de Calidad de la Institución | K58: Número total de citas de medicina alternativa de primera vez asignadas | L58: Sistema de Gestión de Calidad de la Institución | M58: Días | N58: 5 días calendario | O58: Trimestral | P58: Descendente | Q58: La consulta de primera vez hace referencia a la primera consulta del paciente que se registra por primera vez en el año, razón por la cual se excluye la consulta de control. Aplica para IPS y no aplica para los servicios de transporte especial de pacientes | R58: La firma de interventoria o supervisor solicita a los proveedores de prestaciones de servicios de salud con los cuales se tiene contrato vigente, el reporte de los datos reelacionados con este indicador respecto a los asegurados de Positiva que registran atenciones de este servicio en el periodo evaluado. | S58: Ninguna | T58: Supervisor y/o interventoria designada. | U58: 413 | V58: IPS
A59: calidad | B59: Oportunidad | C59: Tiempo promedio de espera para la asignación de cita de medicina alternativa | D59: Apartir de suscripcion del acuerdo del indicador con el prestador | E59: N/A | F59: I.C.93 | G59: Expresa el tiempo de espera en dias calendario que transcurren entre la fecha de solicitud de la cita para la consulta por medicina alternativa de primera vez y la fecha en la cual el usuario la solicitó | H59: Sumatoria de la diferencia de los dias calendario entre la fecha en la que se asignó la cita de medicina alternativa de primera vez y la fecha en la cual el usuario la solicitó / número total de citas de medicina alternativa de primera vez asignadas | I59: Sumatoria de la diferencia de dias calendario entre la fecha en la que se asignó la cita medicina alternativa de primera vez y la fecha en la cual el usuario la solicitó | J59: Sistema de Gestión de Calidad de la Institución | K59: Número total de citas de medicina alternativa de primera vez asignadas | L59: Sistema de Gestión de Calidad de la Institución | M59: Días | N59: 5 días calendario | O59: Trimestral | P59: Descendente | Q59: La consulta de primera vez hace referencia a la primera consulta del paciente que se registra por primera vez en el año, razón por la cual se excluye la consulta de control. Aplica para IPS y no aplica para los servicios de transporte especial de pacientes | R59: La firma de interventoria o supervisor solicita a los proveedores de prestaciones de servicios de salud con los cuales se tiene contrato vigente, el reporte de los datos reelacionados con este indicador respecto a los asegurados de Positiva que registran atenciones de este servicio en el periodo evaluado. | S59: Ninguna | T59: Supervisor y/o interventoria designada. | U59: 414 | V59: IPS
A60: calidad | B60: Oportunidad | C60: Tiempo promedio de espera para la asignación de cita de medicina alternativa | D60: Apartir de suscripcion del acuerdo del indicador con el prestador | E60: N/A | F60: I.C.94 | G60: Expresa el tiempo de espera en dias calendario que transcurren entre la fecha de solicitud de la cita para la consulta por medicina alternativa de primera vez y la fecha en la cual el usuario la solicitó | H60: Sumatoria de la diferencia de los dias calendario entre la fecha en la que se asignó la cita de medicina alternativa de primera vez y la fecha en la cual el usuario la solicitó / número total de citas de medicina alternativa de primera vez asignadas | I60: Sumatoria de la diferencia de dias calendario entre la fecha en la que se asignó la cita medicina alternativa de primera vez y la fecha en la cual el usuario la solicitó | J60: Sistema de Gestión de Calidad de la Institución | K60: Número total de citas de medicina alternativa de primera vez asignadas | L60: Sistema de Gestión de Calidad de la Institución | M60: Días | N60: 5 días calendario | O60: Trimestral | P60: Descendente | Q60: La consulta de primera vez hace referencia a la primera consulta del paciente que se registra por primera vez en el año, razón por la cual se excluye la consulta de control. Aplica para IPS y no aplica para los servicios de transporte especial de pacientes | R60: La firma de interventoria o supervisor solicita a los proveedores de prestaciones de servicios de salud con los cuales se tiene contrato vigente, el reporte de los datos reelacionados con este indicador respecto a los asegurados de Positiva que registran atenciones de este servicio en el periodo evaluado. | S60: Ninguna | T60: Supervisor y/o interventoria designada. | U60: 415 | V60: IPS
A61: calidad | B61: Oportunidad | C61: Tiempo promedio de espera para la asignación de cita de medicina alternativa | D61: Apartir de suscripcion del acuerdo del indicador con el prestador | E61: N/A | F61: I.C.95 | G61: Expresa el tiempo de espera en dias calendario que transcurren entre la fecha de solicitud de la cita para la consulta por medicina alternativa de primera vez y la fecha en la cual el usuario la solicitó | H61: Sumatoria de la diferencia de los dias calendario entre la fecha en la que se asignó la cita de medicina alternativa de primera vez y la fecha en la cual el usuario la solicitó / número total de citas de medicina alternativa de primera vez asignadas | I61: Sumatoria de la diferencia de dias calendario entre la fecha en la que se asignó la cita medicina alternativa de primera vez y la fecha en la cual el usuario la solicitó | J61: Sistema de Gestión de Calidad de la Institución | K61: Número total de citas de medicina alternativa de primera vez asignadas | L61: Sistema de Gestión de Calidad de la Institución | M61: Días | N61: 5 días calendario | O61: Trimestral | P61: Descendente | Q61: La consulta de primera vez hace referencia a la primera consulta del paciente que se registra por primera vez en el año, razón por la cual se excluye la consulta de control. Aplica para IPS y no aplica para los servicios de transporte especial de pacientes | R61: La firma de interventoria o supervisor solicita a los proveedores de prestaciones de servicios de salud con los cuales se tiene contrato vigente, el reporte de los datos reelacionados con este indicador respecto a los asegurados de Positiva que registran atenciones de este servicio en el periodo evaluado. | S61: Ninguna | T61: Supervisor y/o interventoria designada. | U61: 416 | V61: IPS
A62: calidad | B62: Oportunidad | C62: Tiempo promedio de espera para la asignación de cita de medicina alternativa | D62: Apartir de suscripcion del acuerdo del indicador con el prestador | E62: N/A | F62: I.C.96 | G62: Expresa el tiempo de espera en dias calendario que transcurren entre la fecha de solicitud de la cita para la consulta por medicina alternativa de primera vez y la fecha en la cual el usuario la solicitó | H62: Sumatoria de la diferencia de los dias calendario entre la fecha en la que se asignó la cita de medicina alternativa de primera vez y la fecha en la cual el usuario la solicitó / número total de citas de medicina alternativa de primera vez asignadas | I62: Sumatoria de la diferencia de dias calendario entre la fecha en la que se asignó la cita medicina alternativa de primera vez y la fecha en la cual el usuario la solicitó | J62: Sistema de Gestión de Calidad de la Institución | K62: Número total de citas de medicina alternativa de primera vez asignadas | L62: Sistema de Gestión de Calidad de la Institución | M62: Días | N62: 5 días calendario | O62: Trimestral | P62: Descendente | Q62: La consulta de primera vez hace referencia a la primera consulta del paciente que se registra por primera vez en el año, razón por la cual se excluye la consulta de control. Aplica para IPS y no aplica para los servicios de transporte especial de pacientes | R62: La firma de interventoria o supervisor solicita a los proveedores de prestaciones de servicios de salud con los cuales se tiene contrato vigente, el reporte de los datos reelacionados con este indicador respecto a los asegurados de Positiva que registran atenciones de este servicio en el periodo evaluado. | S62: Ninguna | T62: Supervisor y/o interventoria designada. | U62: 417 | V62: IPS
A63: calidad | B63: Oportunidad | C63: Tiempo promedio de espera para la asignación de cita de medicina alternativa | D63: Apartir de suscripcion del acuerdo del indicador con el prestador | E63: N/A | F63: I.C.97 | G63: Expresa el tiempo de espera en dias calendario que transcurren entre la fecha de solicitud de la cita para la consulta por medicina alternativa de primera vez y la fecha en la cual el usuario la solicitó | H63: Sumatoria de la diferencia de los dias calendario entre la fecha en la que se asignó la cita de medicina alternativa de primera vez y la fecha en la cual el usuario la solicitó / número total de citas de medicina alternativa de primera vez asignadas | I63: Sumatoria de la diferencia de dias calendario entre la fecha en la que se asignó la cita medicina alternativa de primera vez y la fecha en la cual el usuario la solicitó | J63: Sistema de Gestión de Calidad de la Institución | K63: Número total de citas de medicina alternativa de primera vez asignadas | L63: Sistema de Gestión de Calidad de la Institución | M63: Días | N63: 5 días calendario | O63: Trimestral | P63: Descendente | Q63: La consulta de primera vez hace referencia a la primera consulta del paciente que se registra por primera vez en el año, razón por la cual se excluye la consulta de control. Aplica para IPS y no aplica para los servicios de transporte especial de pacientes | R63: La firma de interventoria o supervisor solicita a los proveedores de prestaciones de servicios de salud con los cuales se tiene contrato vigente, el reporte de los datos reelacionados con este indicador respecto a los asegurados de Positiva que registran atenciones de este servicio en el periodo evaluado. | S63: Ninguna | T63: Supervisor y/o interventoria designada. | U63: 422 | V63: IPS
A64: calidad | B64: Oportunidad | C64: Tiempo promedio de espera para la asignación de cita de cirugía plástica y estética | D64: Apartir de suscripcion del acuerdo del indicador con el prestador | E64: N/A | F64: I.C.98 | G64: Expresa el tiempo de espera en dias calendario que transcurren entre la fecha de solicitud de la cita para la consulta por cirugía plástica y estética de primera vez y la fecha en la cual el usuario la solicitó | H64: Sumatoria de la diferencia de los dias calendario entre la fecha en la que se asignó la cita de cirugía plástica y estética de primera vez y la fecha en la cual el usuario la solicitó / número total de citas de cirugía plástica y estética de primera vez asignadas | I64: Sumatoria de la diferencia de dias calendario entre la fecha en la que se asignó la cita cirugía plástica y estética de primera vez y la fecha en la cual el usuario la solicitó | J64: Sistema de Gestión de Calidad de la Institución | K64: Número total de citas de cirugía plástica y estética de primera vez asignadas | L64: Sistema de Gestión de Calidad de la Institución | M64: Días | N64: 5 días calendario | O64: Trimestral | P64: Descendente | Q64: La consulta de primera vez hace referencia a la primera consulta del paciente que se registra por primera vez en el año, razón por la cual se excluye la consulta de control. Aplica para IPS y no aplica para los servicios de transporte especial de pacientes | R64: La firma de interventoria o supervisor solicita a los proveedores de prestaciones de servicios de salud con los cuales se tiene contrato vigente, el reporte de los datos reelacionados con este indicador respecto a los asegurados de Positiva que registran atenciones de este servicio en el periodo evaluado. | S64: Ninguna | T64: Supervisor y/o interventoria designada. | U64: 369 | V64: IPS
A65: calidad | B65: Oportunidad | C65: Tiempo promedio de espera para la asignación de cita de ortopdia oncológica | D65: Apartir de suscripcion del acuerdo del indicador con el prestador | E65: N/A | F65: I.C.99 | G65: Expresa el tiempo de espera en dias calendario que transcurren entre la fecha de solicitud de la cita para la consulta por ortopedia oncológica de primera vez y la fecha en la cual el usuario la solicitó | H65: Sumatoria de la diferencia de los dias calendario entre la fecha en la que se asignó la cita de ortopedia oncológica de primera vez y la fecha en la cual el usuario la solicitó / número total de citas de ortopedia oncológica de primera vez asignadas | I65: Sumatoria de la diferencia de dias calendario entre la fecha en la que se asignó la cita ortopedia oncológica de primera vez y la fecha en la cual el usuario la solicitó | J65: Sistema de Gestión de Calidad de la Institución | K65: Número total de citas de ortopedia oncológica de primera vez asignadas | L65: Sistema de Gestión de Calidad de la Institución | M65: Días | N65: 5 días calendario | O65: Trimestral | P65: Descendente | Q65: La consulta de primera vez hace referencia a la primera consulta del paciente que se registra por primera vez en el año, razón por la cual se excluye la consulta de control. Aplica para IPS y no aplica para los servicios de transporte especial de pacientes | R65: La firma de interventoria o supervisor solicita a los proveedores de prestaciones de servicios de salud con los cuales se tiene contrato vigente, el reporte de los datos reelacionados con este indicador respecto a los asegurados de Positiva que registran atenciones de este servicio en el periodo evaluado. | S65: Ninguna | T65: Supervisor y/o interventoria designada. | U65: 393 | V65: IPS
A66: calidad | B66: Oportunidad | C66: Tiempo promedio de espera para la asignación de cita de urología oncológica | D66: Apartir de suscripcion del acuerdo del indicador con el prestador | E66: N/A | F66: I.C.100 | G66: Expresa el tiempo de espera en dias calendario que transcurren entre la fecha de solicitud de la cita para la consulta por urología oncológica de primera vez y la fecha en la cual el usuario la solicitó | H66: Sumatoria de la diferencia de los dias calendario entre la fecha en la que se asignó la cita de urología oncológica de primera vez y la fecha en la cual el usuario la solicitó / número total de citas de urología oncológica de primera vez asignadas | I66: Sumatoria de la diferencia de dias calendario entre la fecha en la que se asignó la cita urología oncológica de primera vez y la fecha en la cual el usuario la solicitó | J66: Sistema de Gestión de Calidad de la Institución | K66: Número total de citas de urología oncológica de primera vez asignadas | L66: Sistema de Gestión de Calidad de la Institución | M66: Días | N66: 5 días calendario | O66: Trimestral | P66: Descendente | Q66: La consulta de primera vez hace referencia a la primera consulta del paciente que se registra por primera vez en el año, razón por la cual se excluye la consulta de control. Aplica para IPS y no aplica para los servicios de transporte especial de pacientes | R66: La firma de interventoria o supervisor solicita a los proveedores de prestaciones de servicios de salud con los cuales se tiene contrato vigente, el reporte de los datos reelacionados con este indicador respecto a los asegurados de Positiva que registran atenciones de este servicio en el periodo evaluado. | S66: Ninguna | T66: Supervisor y/o interventoria designada. | U66: 395 | V66: IPS
A67: calidad | B67: Oportunidad | C67: Tiempo promedio de espera para la asignación de cita de hematología oncológica | D67: Apartir de suscripcion del acuerdo del indicador con el prestador | E67: N/A | F67: I.C.101 | G67: Expresa el tiempo de espera en dias calendario que transcurren entre la fecha de solicitud de la cita para la consulta por hematología oncológica de primera vez y la fecha en la cual el usuario la solicitó | H67: Sumatoria de la diferencia de los dias calendario entre la fecha en la que se asignó la cita de hematología oncológica de primera vez y la fecha en la cual el usuario la solicitó / número total de citas de hematología oncológica de primera vez asignadas | I67: Sumatoria de la diferencia de dias calendario entre la fecha en la que se asignó la cita hematología oncológica de primera vez y la fecha en la cual el usuario la solicitó | J67: Sistema de Gestión de Calidad de la Institución | K67: Número total de citas de hematología oncológica de primera vez asignadas | L67: Sistema de Gestión de Calidad de la Institución | M67: Días | N67: 5 días calendario | O67: Trimestral | P67: Descendente | Q67: La consulta de primera vez hace referencia a la primera consulta del paciente que se registra por primera vez en el año, razón por la cual se excluye la consulta de control. Aplica para IPS y no aplica para los servicios de transporte especial de pacientes | R67: La firma de interventoria o supervisor solicita a los proveedores de prestaciones de servicios de salud con los cuales se tiene contrato vigente, el reporte de los datos reelacionados con este indicador respecto a los asegurados de Positiva que registran atenciones de este servicio en el periodo evaluado. | S67: Ninguna | T67: Supervisor y/o interventoria designada. | U67: 406 | V67: IPS
A68: calidad | B68: Oportunidad | C68: Tiempo promedio de espera para la asignación de cita de cirugía gastrointestinal | D68: Apartir de suscripcion del acuerdo del indicador con el prestador | E68: N/A | F68: I.C.102 | G68: Expresa el tiempo de espera en dias calendario que transcurren entre la fecha de solicitud de la cita para la consulta por cirugía gastrointestinal de primera vez y la fecha en la cual el usuario la solicitó | H68: Sumatoria de la diferencia de los dias calendario entre la fecha en la que se asignó la cita de cirugía gastrointestinal de primera vez y la fecha en la cual el usuario la solicitó / número total de citas de cirugía gastrointestinal de primera vez asignadas | I68: Sumatoria de la diferencia de dias calendario entre la fecha en la que se asignó la cita cirugía gastrointestinal de primera vez y la fecha en la cual el usuario la solicitó | J68: Sistema de Gestión de Calidad de la Institución | K68: Número total de citas de cirugía gastrointestinal de primera vez asignadas | L68: Sistema de Gestión de Calidad de la Institución | M68: Días | N68: 5 días calendario | O68: Trimestral | P68: Descendente | Q68: La consulta de primera vez hace referencia a la primera consulta del paciente que se registra por primera vez en el año, razón por la cual se excluye la consulta de control. Aplica para IPS y no aplica para los servicios de transporte especial de pacientes | R68: La firma de interventoria o supervisor solicita a los proveedores de prestaciones de servicios de salud con los cuales se tiene contrato vigente, el reporte de los datos reelacionados con este indicador respecto a los asegurados de Positiva que registran atenciones de este servicio en el periodo evaluado. | S68: Ninguna | T68: Supervisor y/o interventoria designada. | U68: 235 | V68: IPS
A69: calidad | B69: Oportunidad | C69: Tiempo promedio de espera para la asignación de cita de inmunología | D69: Apartir de suscripcion del acuerdo del indicador con el prestador | E69: N/A | F69: I.C.103 | G69: Expresa el tiempo de espera en dias calendario que transcurren entre la fecha de solicitud de la cita para la consulta por inmunología de primera vez y la fecha en la cual el usuario la solicitó | H69: Sumatoria de la diferencia de los dias calendario entre la fecha en la que se asignó la cita de inmunología de primera vez y la fecha en la cual el usuario la solicitó / número total de citas de inmunología de primera vez asignadas | I69: Sumatoria de la diferencia de dias calendario entre la fecha en la que se asignó la cita inmunología de primera vez y la fecha en la cual el usuario la solicitó | J69: Sistema de Gestión de Calidad de la Institución | K69: Número total de citas de inmunología de primera vez asignadas | L69: Sistema de Gestión de Calidad de la Institución | M69: Días | N69: 5 días calendario | O69: Trimestral | P69: Descendente | Q69: La consulta de primera vez hace referencia a la primera consulta del paciente que se registra por primera vez en el año, razón por la cual se excluye la consulta de control. Aplica para IPS y no aplica para los servicios de transporte especial de pacientes | R69: La firma de interventoria o supervisor solicita a los proveedores de prestaciones de servicios de salud con los cuales se tiene contrato vigente, el reporte de los datos reelacionados con este indicador respecto a los asegurados de Positiva que registran atenciones de este servicio en el periodo evaluado. | S69: Ninguna | T69: Supervisor y/o interventoria designada. | U69: 324 | V69: IPS
A70: calidad | B70: Oportunidad | C70: Tiempo promedio de espera para la asignación de cita de medicina del trabajo y medicina laboral | D70: Apartir de suscripcion del acuerdo del indicador con el prestador | E70: N/A | F70: I.C.104 | G70: Expresa el tiempo de espera en dias calendario que transcurren entre la fecha de solicitud de la cita para la consulta por medicina del trabajo y medicina laboral de primera vez y la fecha en la cual el usuario la solicitó | H70: Sumatoria de la diferencia de los dias calendario entre la fecha en la que se asignó la cita de medicina del trabajo y medicina laboral de primera vez y la fecha en la cual el usuario la solicitó / número total de citas de medicina del trabajo y medicina labora de primera vez asignadas | I70: Sumatoria de la diferencia de dias calendario entre la fecha en la que se asignó la cita medicina del trabajo y medicina laboral de primera vez y la fecha en la cual el usuario la solicitó | J70: Sistema de Gestión de Calidad de la Institución | K70: Número total de citas de medicina del trabajo y medicina laboral de primera vez asignadas | L70: Sistema de Gestión de Calidad de la Institución | M70: Días | N70: 5 días calendario | O70: Trimestral | P70: Descendente | Q70: La consulta de primera vez hace referencia a la primera consulta del paciente que se registra por primera vez en el año, razón por la cual se excluye la consulta de control. Aplica para IPS y no aplica para los servicios de transporte especial de pacientes | R70: La firma de interventoria o supervisor solicita a los proveedores de prestaciones de servicios de salud con los cuales se tiene contrato vigente, el reporte de los datos reelacionados con este indicador respecto a los asegurados de Positiva que registran atenciones de este servicio en el periodo evaluado. | S70: Ninguna | T70: Supervisor y/o interventoria designada. | U70: 407 | V70: IPS
A71: calidad | B71: Oportunidad | C71: Tiempo promedio de espera para la asignación de cita de cirugia general | D71: Apartir de suscripcion del acuerdo del indicador con el prestador | E71: P.3.7 | F71: I.C.105 | G71: Expresa el tiempo de espera en días calendario que transcurren entre la fecha solicitud de la cita para consulta con cirugía general de primera vez por parte del paciente/ usuario a la IPS y la fecha en que es asignada | H71: Sumatoria de la diferencia de días calendario entre la fecha en la que se asignó la cita de Cirugía General de primera vez y la fecha en la cual el usuario la solicitó/Número total de citas de Cirugía General de primera vez asignada | I71: Sumatoria de la diferencia de días calendario entre la fecha en la que se asignó la cita de Cirugía General de primera vez y la fecha en la cual el usuario la solicitó | J71: Reporte remitido por los prestadores de servicios de acuerdo a lo establecido por la Resolución 256 de 2016 | K71: Número total de citas de Cirugía General de primera vez asignada | L71: Reporte remitido por los prestadores de servicios de acuerdo a lo establecido por la Resolución 256 de 2016 | M71: Días | N71: 13 días | O71: Trimestral | P71: Descendente | Q71: La consulta de primera vez hace referencia a la primera consulta del paciente que se registra por primera vez en el año, razón por la cual se excluye la consulta de control. Aplica para IPS y no aplica para los servicios de transporte especial de pacientes | R71: La firma de interventoria o supervisor solicita a los proveedores de prestaciones de servicios de salud con los cuales se tiene contrato vigente, el reporte de los datos reelacionados con este indicador respecto a los asegurados de Positiva que registran atenciones de este servicio en el periodo evaluado. | S71: Ninguna | T71: Supervisor y/o interventoria designada. | U71: 304 | V71: IPS
A72: calidad | B72: Oportunidad | C72: Tiempo promedio de espera para la toma de Ecografia | D72: Apartir de suscripcion del acuerdo del indicador con el prestador | E72: P.3.8 | F72: I.C.106 | G72: Expresa el tiempo de espera en días calendario que transcurren entre la fecha de la solicitud para la toma de una Ecografia por parte del paciente/usuario y la fecha en que es realizada | H72: Sumatoria de la diferencia de días calendario entre la fecha en la que se realiza la toma de la Ecografía y la fecha en la que se solicita/Número total de Ecografías realizadas | I72: Sumatoria de la diferencia de días calendario entre la fecha en la que se realiza la toma de la Ecografía y la fecha en la que se solicita | J72: Reporte remitido por los prestadores de servicios de acuerdo a lo establecido por la Resolución 256 de 2016 | K72: Número total de Ecografías realizadas | L72: Reporte remitido por los prestadores de servicios de acuerdo a lo establecido por la Resolución 256 de 2016 | M72: Días | N72: 5 días calendario | O72: Trimestral | P72: Descendente | Q72: Incluye las ecografias de acuerdo a la Clasificación Unica de procedimientos CUPS del códifo 88.1.1.12 al 88.2.8.41. Aplica para IPS y no aplica para los servicios de Transporte Especial de pacientes | R72: La firma de interventoria o supervisor solicita a los proveedores de prestaciones de servicios de salud con los cuales se tiene contrato vigente, el reporte de los datos reelacionados con este indicador respecto a los asegurados de Positiva que registran atenciones de este servicio en el periodo evaluado. | S72: Ninguna | T72: Supervisor y/o interventoria designada. | U72: 745 | V72: IPS
A73: calidad | B73: Oportunidad | C73: Tiempo promedio para la toma de Resonancia Magnética Nuclear | D73: Apartir de suscripcion del acuerdo del indicador con el prestador | E73: P.3.9 | F73: I.C.107 | G73: Expresa el tiempo de espera en dias calendario que transcurre entre la fecha de solicitud para la toma de una resonancia magnética nuclear por parte del paciente/usuario y la fecha en que es realizada | H73: Sumatoria de la diferencia de días calendario entre la fecha en la que se realiza la toma de la de Resonancia Magnética Nuclear y la fecha en la que se solicita/Número total de Resonancia Magnética Nuclear realizadas | I73: Sumatoria de la diferencia de días calendario entre la fecha en la que se realiza la toma de la de Resonancia Magnética Nuclear y la fecha en la que se solicita | J73: Reporte remitido por los prestadores de servicios de acuerdo a lo establecido por la Resolución 256 de 2016 | K73: Número total de Resonancia Magnética Nuclear realizadas | L73: Reporte remitido por los prestadores de servicios de acuerdo a lo establecido por la Resolución 256 de 2016 | M73: Días | N73: 5 días calendario | O73: Trimestral | P73: Descendente | Q73: Incluye la resonancia magnética nuclear de acuerdo a Clasificación Única de procedimientos CUPS 88.3.1.01 al 88.3.9.10 Aplica para IPS y no aplica para los servicios de Transporte Especial de pacientes | R73: La firma de interventoria o supervisor solicita a los proveedores de prestaciones de servicios de salud con los cuales se tiene contrato vigente, el reporte de los datos reelacionados con este indicador respecto a los asegurados de Positiva que registran atenciones de este servicio en el periodo evaluado. | S73: Ninguna | T73: Supervisor y/o interventoria designada. | U73: 745 | V73: IPS
A74: calidad | B74: Oportunidad | C74: Tiempo promedio de espera para la atención del paciente clasificado como Triage 2 en servicio de urgencias | D74: Apartir de suscripcion del acuerdo del indicador con el prestador | E74: P.3.10 | F74: I.C.108 | G74: Expresa el tiempo de espera en minutos para el paciente clasificado como Triage 2 en el servicio de urgencias hasta que se inicia la atención en consulta de urgencias por médico | H74: Sumatoria del número de minutos transcurridos a partir de que el paciente es clasificado como Triage 2 y el momento en el cual es atendido en consulta de Urgencias por médico/Número total de pacientes clasificados como Triage 2 | I74: Sumatoria del número de minutos transcurridos a partir de que el paciente es clasificado como Triage 2 y el momento en el cual es atendido en consulta de Urgencias por médico | J74: Reporte remitido por los prestadores de servicios de acuerdo a lo establecido por la Resolución 256 de 2016 | K74: Número total de pacientes clasificados como Triage 2 | L74: Reporte remitido por los prestadores de servicios de acuerdo a lo establecido por la Resolución 256 de 2016 | M74: Minutos | N74: 30 mínutos | O74: Trimestral | P74: Descendente | Q74: Sólo se tiene en cuenta el triage 2, es decir se excluyen los demás Triage. Aplica para IPS y no aplica para los servicios de transporte especial de pacientes | R74: La firma de interventoria solicita a los proveedores de prestaciones de servicios de salud con los cuales se tiene contrato vigente, copia del reporte de indicadores de calidad de acuerdo a la Resolución 256 de 2016 | S74: Se excluyen los Triage I, III, IV y V. | T74: Supervisor y/o interventoria designada. | U74: 1102 | V74: IPS
A75: Calidad | B75: Satisfaccion | C75: Proporción de satisfacción global de los usuarios en la IPS | D75: Apartir de suscripcion del acuerdo del indicador con el prestador | E75: P.3.14 | F75: I.C.109 | G75: Expresa la proporción de usuarios sastisfechos con los servicios recibidos en la IPS | H75: Se calcula como el cociente entre el número de usuarios que respondieron "muy buena" o "buena" a la pregunta Cómo calificaría su experiencia global respecto a los servicios de salud que ha recibido a través de su IPS?, y el número de usuarios que respondieron la pregunta por 100 expresado como porcentaje | I75: Número de usuarios que respondieron "muy buena" o "buena" a la pregunta Cómo calificaría su experiencia global respecto a los servicios de salud que ha recibido a través de su IPS | J75: Reporte remitido por los prestadores de servicios de acuerdo a lo establecido por la Resolución 256 de 2016 | K75: Número de usuarios que respondieron la pregunta | L75: Reporte remitido por los prestadores de servicios de acuerdo a lo establecido por la Resolución 256 de 2016 | M75: Porcentaje | N75: 0.95 | O75: Trimestral | P75: Ascendente | Q75: Las opciones de respuesta del usuario a la pregunta Cómo calificaría su experiencia global respecto a los servicios de salud que ha recibido a través de su IPS ?, serian: 1= muy mala 2=mala, 3=regular, 4=Buena, 5=muy buena, 0=no informa. Aplica para la IPS y para los servicios de transporte espcial de pacientes | R75: El prestador remitirá los datos del indicador objeto de medición dentro de los treinta (30) días calendario siguientes a la terminación del respectivo trimestre. | S75: Se excluyen de la medición los usuarios que respondieron la pregunta Cómo calificaría su experiencia global respecto a los servicios de salud que ha recibido a través de su IPS ?: 0=no informa. | T75: Supervisor y/o interventoria designada. | U75: Todos los REPS | V75: IPS-RHI-RIESGO BIOLOGICO
A76: Resultados en salud | B76: PQRD | C76: PQRD procedentes para el asegurado | D76: Apartir de suscripcion del acuerdo del indicador con el prestador | E76: N/A | F76: I.C.116 | G76: Monitorear las PQRD procedentes para los asegurados que permiten identificar inconformidades con el servicio | H76: PQRD o Tutelas procedentes a cargo del proveedor en el periodo | I76: PQRD o tutelas procedentes a cargo del proveedor en el periodo | J76: Reporte PQRD y tutelas grupo GISAT del periodo evaluado | K76: N/A | L76: N/A | M76: Número de PQRD procedente para el asegurado | N76: 0 | O76: Trimestral | P76: Descendente | Q76: Ninguna | R76: *El proveedor tiene el compromiso de apoyar la respuesta de las PQRD que le sean escaladas máximo dentro de los plazos contractualmente establecidos. *Las PQRD que no cuenten con apoyo de respuesta se tomarán como procedentes. | S76: Ninguna | T76: Supervisor y/o interventoria designada. | U76: Todos los REPS | V76: TODOS LOS PROVEEDORES
A77: Calidad | B77: Seguridad | C77: Tasa de Incidencia de Neumonía Asociada a Ventilador Mecánico | D77: Apartir de suscripcion del acuerdo del indicador con el prestador | E77: P.2.1 | F77: I.C.04 | G77: Es un estimador del riesgo de materialización de eventos adversos asociados a la estancia y atención intrahospitalaria, de igual forma a las posibles complicaciones que se pueden registrar durante la atención en el servicio de urgencias | H77: (Numero de neumonías asociadas a ventilador nuevas en la UCI/Numero de dias ventilador mecánico en UCI )* 1000 días de ventilador | I77: Numero de neumonías asociadas a ventilador nuevas en la UCI * 1000 días de ventilador | J77: Reporte remitido por los prestadores de servicios de acuerdo a lo establecido por la Resolución 256 de 2016 | K77: Numero de dias ventilador mecánico en UCI | L77: Reporte remitido por los prestadores de servicios de acuerdo a lo establecido por la Resolución 256 de 2016 | M77: Por 1000 días de ventilador | N77: 0:1.000 | O77: Trimestral | P77: Descendente | Q77: · Neumonía Asociada a Ventilación mecánica “Sólo aplica para Uci adulto, Uci pediátrica, UCI neonatal | R77: La firma de interventoria o supervisor solicita a los proveedores de prestaciones de servicios de salud con los cuales se tiene contrato vigente, el reporte de los datos reelacionados con este indicador respecto a los asegurados de Positiva que registran atenciones de este servicio en el periodo evaluado. | S77: Ninguna | T77: Supervisor y/o interventoria designada. | U77: 129 | V77: IPS
A78: Calidad | B78: Seguridad | C78: Tasa de Incidencia de Neumonía Asociada a Ventilador Mecánico | D78: Apartir de suscripcion del acuerdo del indicador con el prestador | E78: P.2.1 | F78: I.C.05 | G78: Es un estimador del riesgo de materialización de eventos adversos asociados a la estancia y atención intrahospitalaria, de igual forma a las posibles complicaciones que se pueden registrar durante la atención en el servicio de urgencias | H78: (Numero de neumonías asociadas a ventilador nuevas en la UCI/Numero de dias ventilador mecánico en UCI )* 1000 días de ventilador | I78: Numero de neumonías asociadas a ventilador nuevas en la UCI * 1000 días de ventilador | J78: Reporte remitido por los prestadores de servicios de acuerdo a lo establecido por la Resolución 256 de 2016 | K78: Numero de dias ventilador mecánico en UCI | L78: Reporte remitido por los prestadores de servicios de acuerdo a lo establecido por la Resolución 256 de 2016 | M78: Por 1000 días de ventilador | N78: 0:1.000 | O78: Trimestral | P78: Descendente | Q78: · Neumonía Asociada a Ventilación mecánica “Sólo aplica para Uci adulto, Uci pediátrica, UCI neonatal | R78: La firma de interventoria o supervisor solicita a los proveedores de prestaciones de servicios de salud con los cuales se tiene contrato vigente, el reporte de los datos reelacionados con este indicador respecto a los asegurados de Positiva que registran atenciones de este servicio en el periodo evaluado. | S78: Ninguna | T78: Supervisor y/o interventoria designada. | U78: 133 | V78: IPS
A79: Calidad | B79: Seguridad | C79: Tasa de Incidencia de Infección del Tracto Urinario Asociada a Catéter (ISTU-AC) | D79: Apartir de suscripcion del acuerdo del indicador con el prestador | E79: P.2.2 | F79: I.C.06 | G79: Es un estimador del riesgo de materialización de eventos adversos asociados a la estancia y atención intrahospitalaria | H79: (Sumatoria de los casos nuevos de infección del tracto urinario asociada a cateter (ISTU-AC) en UCI (adulto y pediatrica)/Número de dias cateter urinario en UCI (adulto y pediatrica))*1000 | I79: Sumatoria de los casos nuevos de infección del tracto urinario asociada a cateter (ISTU-AC) en UCI (adulto y pediatrica) | J79: Reporte remitido por los prestadores de servicios de acuerdo a lo establecido por la Resolución 256 de 2016 | K79: Número de dias cateter urinario en UCI (adulto y pediatrica) | L79: Reporte remitido por los prestadores de servicios de acuerdo a lo establecido por la Resolución 256 de 2016 | M79: Por 1000 días de cateter urinario | N79: 0:1.000 | O79: Trimestral | P79: Descendente | Q79: · Infección del Tracto urinario Asociado a Catéter “Sólo aplica para Uci adulto, Uci pediátrica” | R79: La firma de interventoria o supervisor solicita a los proveedores de prestaciones de servicios de salud con los cuales se tiene contrato vigente, el reporte de los datos reelacionados con este indicador respecto a los asegurados de Positiva que registran atenciones de este servicio en el periodo evaluado. | S79: Ninguna | T79: Supervisor y/o interventoria designada. | U79: 1102 | V79: IPS
A80: Calidad | B80: Seguridad | C80: Tasa de Incidencia de Infección del Tracto Urinario Asociada a Catéter (ISTU-AC) | D80: Apartir de suscripcion del acuerdo del indicador con el prestador | E80: P.2.2 | F80: I.C.07 | G80: Es un estimador del riesgo de materialización de eventos adversos asociados a la estancia y atención intrahospitalaria | H80: (Sumatoria de los casos nuevos de infección del tracto urinario asociada a cateter (ISTU-AC) en UCI (adulto y pediatrica)/Número de dias cateter urinario en UCI (adulto y pediatrica))*1000 | I80: Sumatoria de los casos nuevos de infección del tracto urinario asociada a cateter (ISTU-AC) en UCI (adulto y pediatrica) | J80: Reporte remitido por los prestadores de servicios de acuerdo a lo establecido por la Resolución 256 de 2016 | K80: Número de dias cateter urinario en UCI (adulto y pediatrica) | L80: Reporte remitido por los prestadores de servicios de acuerdo a lo establecido por la Resolución 256 de 2016 | M80: Por 1000 días de cateter urinario | N80: 0:1.000 | O80: Trimestral | P80: Descendente | Q80: · Infección del Tracto urinario Asociado a Catéter “Sólo aplica para Uci adulto, Uci pediátrica” | R80: La firma de interventoria o supervisor solicita a los proveedores de prestaciones de servicios de salud con los cuales se tiene contrato vigente, el reporte de los datos reelacionados con este indicador respecto a los asegurados de Positiva que registran atenciones de este servicio en el periodo evaluado. | S80: Ninguna | T80: Supervisor y/o interventoria designada. | U80: 129 | V80: IPS
A81: Calidad | B81: Seguridad | C81: Tasa de Incidencia de Infección del Torrente Sanguíneo Asociada a Catéter (ITS- AC) | D81: Apartir de suscripcion del acuerdo del indicador con el prestador | E81: P.2.3 | F81: I.C.08 | G81: Es un estimador del riesgo de materialización de eventos adversos asociados a la estancia y atención intrahospitalaria | H81: (Sumatoria de casos nuevos de Infección del Torrente Sanguíneo Asociada a Catéter (ITS- AC) en UCI (Adulto y Pediátrica y Neonatal) /Número de dias cateter central UCI (Adulto y Pediátrica y Neonatal) *1000 | I81: Sumatoria de casos nuevos de Infección del Torrente Sanguíneo Asociada a Catéter (ITS- AC) en UCI (Adulto y Pediátrica y Neonatal) | J81: Reporte remitido por los prestadores de servicios de acuerdo a lo establecido por la Resolución 256 de 2016 | K81: Número de dias cateter central UCI (Adulto y Pediátrica y Neonatal) | L81: Reporte remitido por los prestadores de servicios de acuerdo a lo establecido por la Resolución 256 de 2016 | M81: Por 1000 días de cateter central | N81: 0:1.000 | O81: Trimestral | P81: Descendente | Q81: · Infección torrente sanguíneo Asociada a Catéter “Sólo aplica para Uci adulto, Uci pediátrica, UCI neonatal” | R81: La firma de interventoria o supervisor solicita a los proveedores de prestaciones de servicios de salud con los cuales se tiene contrato vigente, el reporte de los datos reelacionados con este indicador respecto a los asegurados de Positiva que registran atenciones de este servicio en el periodo evaluado. | S81: Ninguna | T81: Supervisor y/o interventoria designada. | U81: 129 | V81: IPS
